p Parameter,Run,Graph Size,Graph Type,Density,Steps
0.3,0,30,erdos renyi gilbert gnp,0.310345,20
0.3,1,30,erdos renyi gilbert gnp,0.310345,9
0.3,2,30,erdos renyi gilbert gnp,0.310345,7
0.3,3,30,erdos renyi gilbert gnp,0.310345,10
0.3,4,30,erdos renyi gilbert gnp,0.310345,7
0.3,5,30,erdos renyi gilbert gnp,0.310345,12
0.3,6,30,erdos renyi gilbert gnp,0.310345,12
0.3,7,30,erdos renyi gilbert gnp,0.310345,11
0.3,8,30,erdos renyi gilbert gnp,0.310345,8
0.3,9,30,erdos renyi gilbert gnp,0.310345,7
0.3,10,30,erdos renyi gilbert gnp,0.310345,8
0.3,11,30,erdos renyi gilbert gnp,0.310345,8
0.3,12,30,erdos renyi gilbert gnp,0.310345,6
0.3,13,30,erdos renyi gilbert gnp,0.310345,10
0.3,14,30,erdos renyi gilbert gnp,0.310345,9
0.3,15,30,erdos renyi gilbert gnp,0.310345,6
0.3,16,30,erdos renyi gilbert gnp,0.310345,9
0.3,17,30,erdos renyi gilbert gnp,0.310345,7
0.3,18,30,erdos renyi gilbert gnp,0.310345,7
0.3,19,30,erdos renyi gilbert gnp,0.310345,8
0.3,20,30,erdos renyi gilbert gnp,0.310345,9
0.3,21,30,erdos renyi gilbert gnp,0.310345,7
0.3,22,30,erdos renyi gilbert gnp,0.310345,8
0.3,23,30,erdos renyi gilbert gnp,0.310345,4
0.3,24,30,erdos renyi gilbert gnp,0.310345,12
0.3,25,30,erdos renyi gilbert gnp,0.310345,7
0.3,26,30,erdos renyi gilbert gnp,0.310345,7
0.3,27,30,erdos renyi gilbert gnp,0.310345,6
0.3,28,30,erdos renyi gilbert gnp,0.310345,7
0.3,29,30,erdos renyi gilbert gnp,0.310345,8
0.3,30,30,erdos renyi gilbert gnp,0.310345,15
0.3,31,30,erdos renyi gilbert gnp,0.310345,7
0.3,32,30,erdos renyi gilbert gnp,0.310345,6
0.3,33,30,erdos renyi gilbert gnp,0.310345,14
0.3,34,30,erdos renyi gilbert gnp,0.310345,8
0.3,35,30,erdos renyi gilbert gnp,0.310345,7
0.3,36,30,erdos renyi gilbert gnp,0.310345,9
0.3,37,30,erdos renyi gilbert gnp,0.310345,10
0.3,38,30,erdos renyi gilbert gnp,0.310345,6
0.3,39,30,erdos renyi gilbert gnp,0.310345,9
0.3,40,30,erdos renyi gilbert gnp,0.310345,6
0.3,41,30,erdos renyi gilbert gnp,0.310345,6
0.3,42,30,erdos renyi gilbert gnp,0.310345,9
0.3,43,30,erdos renyi gilbert gnp,0.310345,13
0.3,44,30,erdos renyi gilbert gnp,0.310345,8
0.3,45,30,erdos renyi gilbert gnp,0.310345,10
0.3,46,30,erdos renyi gilbert gnp,0.310345,10
0.3,47,30,erdos renyi gilbert gnp,0.310345,7
0.3,48,30,erdos renyi gilbert gnp,0.310345,9
0.3,49,30,erdos renyi gilbert gnp,0.310345,7
0.3,0,30,erdos renyi gilbert gnp,0.308046,8
0.3,1,30,erdos renyi gilbert gnp,0.308046,10
0.3,2,30,erdos renyi gilbert gnp,0.308046,7
0.3,3,30,erdos renyi gilbert gnp,0.308046,7
0.3,4,30,erdos renyi gilbert gnp,0.308046,8
0.3,5,30,erdos renyi gilbert gnp,0.308046,7
0.3,6,30,erdos renyi gilbert gnp,0.308046,11
0.3,7,30,erdos renyi gilbert gnp,0.308046,8
0.3,8,30,erdos renyi gilbert gnp,0.308046,6
0.3,9,30,erdos renyi gilbert gnp,0.308046,8
0.3,10,30,erdos renyi gilbert gnp,0.308046,12
0.3,11,30,erdos renyi gilbert gnp,0.308046,7
0.3,12,30,erdos renyi gilbert gnp,0.308046,7
0.3,13,30,erdos renyi gilbert gnp,0.308046,7
0.3,14,30,erdos renyi gilbert gnp,0.308046,8
0.3,15,30,erdos renyi gilbert gnp,0.308046,7
0.3,16,30,erdos renyi gilbert gnp,0.308046,7
0.3,17,30,erdos renyi gilbert gnp,0.308046,8
0.3,18,30,erdos renyi gilbert gnp,0.308046,8
0.3,19,30,erdos renyi gilbert gnp,0.308046,9
0.3,20,30,erdos renyi gilbert gnp,0.308046,11
0.3,21,30,erdos renyi gilbert gnp,0.308046,7
0.3,22,30,erdos renyi gilbert gnp,0.308046,10
0.3,23,30,erdos renyi gilbert gnp,0.308046,6
0.3,24,30,erdos renyi gilbert gnp,0.308046,10
0.3,25,30,erdos renyi gilbert gnp,0.308046,7
0.3,26,30,erdos renyi gilbert gnp,0.308046,9
0.3,27,30,erdos renyi gilbert gnp,0.308046,6
0.3,28,30,erdos renyi gilbert gnp,0.308046,7
0.3,29,30,erdos renyi gilbert gnp,0.308046,10
0.3,30,30,erdos renyi gilbert gnp,0.308046,8
0.3,31,30,erdos renyi gilbert gnp,0.308046,7
0.3,32,30,erdos renyi gilbert gnp,0.308046,7
0.3,33,30,erdos renyi gilbert gnp,0.308046,10
0.3,34,30,erdos renyi gilbert gnp,0.308046,11
0.3,35,30,erdos renyi gilbert gnp,0.308046,9
0.3,36,30,erdos renyi gilbert gnp,0.308046,10
0.3,37,30,erdos renyi gilbert gnp,0.308046,6
0.3,38,30,erdos renyi gilbert gnp,0.308046,9
0.3,39,30,erdos renyi gilbert gnp,0.308046,11
0.3,40,30,erdos renyi gilbert gnp,0.308046,8
0.3,41,30,erdos renyi gilbert gnp,0.308046,11
0.3,42,30,erdos renyi gilbert gnp,0.308046,11
0.3,43,30,erdos renyi gilbert gnp,0.308046,12
0.3,44,30,erdos renyi gilbert gnp,0.308046,6
0.3,45,30,erdos renyi gilbert gnp,0.308046,9
0.3,46,30,erdos renyi gilbert gnp,0.308046,9
0.3,47,30,erdos renyi gilbert gnp,0.308046,12
0.3,48,30,erdos renyi gilbert gnp,0.308046,13
0.3,49,30,erdos renyi gilbert gnp,0.308046,8
0.3,0,30,erdos renyi gilbert gnp,0.287356,6
0.3,1,30,erdos renyi gilbert gnp,0.287356,6
0.3,2,30,erdos renyi gilbert gnp,0.287356,12
0.3,3,30,erdos renyi gilbert gnp,0.287356,9
0.3,4,30,erdos renyi gilbert gnp,0.287356,8
0.3,5,30,erdos renyi gilbert gnp,0.287356,12
0.3,6,30,erdos renyi gilbert gnp,0.287356,7
0.3,7,30,erdos renyi gilbert gnp,0.287356,9
0.3,8,30,erdos renyi gilbert gnp,0.287356,10
0.3,9,30,erdos renyi gilbert gnp,0.287356,11
0.3,10,30,erdos renyi gilbert gnp,0.287356,14
0.3,11,30,erdos renyi gilbert gnp,0.287356,7
0.3,12,30,erdos renyi gilbert gnp,0.287356,9
0.3,13,30,erdos renyi gilbert gnp,0.287356,8
0.3,14,30,erdos renyi gilbert gnp,0.287356,8
0.3,15,30,erdos renyi gilbert gnp,0.287356,7
0.3,16,30,erdos renyi gilbert gnp,0.287356,8
0.3,17,30,erdos renyi gilbert gnp,0.287356,9
0.3,18,30,erdos renyi gilbert gnp,0.287356,9
0.3,19,30,erdos renyi gilbert gnp,0.287356,11
0.3,20,30,erdos renyi gilbert gnp,0.287356,7
0.3,21,30,erdos renyi gilbert gnp,0.287356,12
0.3,22,30,erdos renyi gilbert gnp,0.287356,11
0.3,23,30,erdos renyi gilbert gnp,0.287356,9
0.3,24,30,erdos renyi gilbert gnp,0.287356,6
0.3,25,30,erdos renyi gilbert gnp,0.287356,9
0.3,26,30,erdos renyi gilbert gnp,0.287356,9
0.3,27,30,erdos renyi gilbert gnp,0.287356,8
0.3,28,30,erdos renyi gilbert gnp,0.287356,9
0.3,29,30,erdos renyi gilbert gnp,0.287356,11
0.3,30,30,erdos renyi gilbert gnp,0.287356,8
0.3,31,30,erdos renyi gilbert gnp,0.287356,13
0.3,32,30,erdos renyi gilbert gnp,0.287356,7
0.3,33,30,erdos renyi gilbert gnp,0.287356,13
0.3,34,30,erdos renyi gilbert gnp,0.287356,11
0.3,35,30,erdos renyi gilbert gnp,0.287356,6
0.3,36,30,erdos renyi gilbert gnp,0.287356,20
0.3,37,30,erdos renyi gilbert gnp,0.287356,8
0.3,38,30,erdos renyi gilbert gnp,0.287356,11
0.3,39,30,erdos renyi gilbert gnp,0.287356,11
0.3,40,30,erdos renyi gilbert gnp,0.287356,17
0.3,41,30,erdos renyi gilbert gnp,0.287356,14
0.3,42,30,erdos renyi gilbert gnp,0.287356,8
0.3,43,30,erdos renyi gilbert gnp,0.287356,8
0.3,44,30,erdos renyi gilbert gnp,0.287356,11
0.3,45,30,erdos renyi gilbert gnp,0.287356,11
0.3,46,30,erdos renyi gilbert gnp,0.287356,11
0.3,47,30,erdos renyi gilbert gnp,0.287356,12
0.3,48,30,erdos renyi gilbert gnp,0.287356,10
0.3,49,30,erdos renyi gilbert gnp,0.287356,12
0.3,0,30,erdos renyi gilbert gnp,0.275862,12
0.3,1,30,erdos renyi gilbert gnp,0.275862,13
0.3,2,30,erdos renyi gilbert gnp,0.275862,7
0.3,3,30,erdos renyi gilbert gnp,0.275862,9
0.3,4,30,erdos renyi gilbert gnp,0.275862,7
0.3,5,30,erdos renyi gilbert gnp,0.275862,9
0.3,6,30,erdos renyi gilbert gnp,0.275862,10
0.3,7,30,erdos renyi gilbert gnp,0.275862,9
0.3,8,30,erdos renyi gilbert gnp,0.275862,10
0.3,9,30,erdos renyi gilbert gnp,0.275862,16
0.3,10,30,erdos renyi gilbert gnp,0.275862,11
0.3,11,30,erdos renyi gilbert gnp,0.275862,8
0.3,12,30,erdos renyi gilbert gnp,0.275862,10
0.3,13,30,erdos renyi gilbert gnp,0.275862,12
0.3,14,30,erdos renyi gilbert gnp,0.275862,11
0.3,15,30,erdos renyi gilbert gnp,0.275862,8
0.3,16,30,erdos renyi gilbert gnp,0.275862,18
0.3,17,30,erdos renyi gilbert gnp,0.275862,7
0.3,18,30,erdos renyi gilbert gnp,0.275862,11
0.3,19,30,erdos renyi gilbert gnp,0.275862,7
0.3,20,30,erdos renyi gilbert gnp,0.275862,12
0.3,21,30,erdos renyi gilbert gnp,0.275862,13
0.3,22,30,erdos renyi gilbert gnp,0.275862,7
0.3,23,30,erdos renyi gilbert gnp,0.275862,7
0.3,24,30,erdos renyi gilbert gnp,0.275862,9
0.3,25,30,erdos renyi gilbert gnp,0.275862,15
0.3,26,30,erdos renyi gilbert gnp,0.275862,5
0.3,27,30,erdos renyi gilbert gnp,0.275862,8
0.3,28,30,erdos renyi gilbert gnp,0.275862,8
0.3,29,30,erdos renyi gilbert gnp,0.275862,7
0.3,30,30,erdos renyi gilbert gnp,0.275862,11
0.3,31,30,erdos renyi gilbert gnp,0.275862,14
0.3,32,30,erdos renyi gilbert gnp,0.275862,8
0.3,33,30,erdos renyi gilbert gnp,0.275862,8
0.3,34,30,erdos renyi gilbert gnp,0.275862,10
0.3,35,30,erdos renyi gilbert gnp,0.275862,14
0.3,36,30,erdos renyi gilbert gnp,0.275862,10
0.3,37,30,erdos renyi gilbert gnp,0.275862,17
0.3,38,30,erdos renyi gilbert gnp,0.275862,10
0.3,39,30,erdos renyi gilbert gnp,0.275862,8
0.3,40,30,erdos renyi gilbert gnp,0.275862,7
0.3,41,30,erdos renyi gilbert gnp,0.275862,10
0.3,42,30,erdos renyi gilbert gnp,0.275862,7
0.3,43,30,erdos renyi gilbert gnp,0.275862,12
0.3,44,30,erdos renyi gilbert gnp,0.275862,9
0.3,45,30,erdos renyi gilbert gnp,0.275862,9
0.3,46,30,erdos renyi gilbert gnp,0.275862,10
0.3,47,30,erdos renyi gilbert gnp,0.275862,8
0.3,48,30,erdos renyi gilbert gnp,0.275862,10
0.3,49,30,erdos renyi gilbert gnp,0.275862,10
0.3,0,30,erdos renyi gilbert gnp,0.28046,9
0.3,1,30,erdos renyi gilbert gnp,0.28046,6
0.3,2,30,erdos renyi gilbert gnp,0.28046,11
0.3,3,30,erdos renyi gilbert gnp,0.28046,8
0.3,4,30,erdos renyi gilbert gnp,0.28046,14
0.3,5,30,erdos renyi gilbert gnp,0.28046,10
0.3,6,30,erdos renyi gilbert gnp,0.28046,9
0.3,7,30,erdos renyi gilbert gnp,0.28046,9
0.3,8,30,erdos renyi gilbert gnp,0.28046,11
0.3,9,30,erdos renyi gilbert gnp,0.28046,7
0.3,10,30,erdos renyi gilbert gnp,0.28046,9
0.3,11,30,erdos renyi gilbert gnp,0.28046,16
0.3,12,30,erdos renyi gilbert gnp,0.28046,7
0.3,13,30,erdos renyi gilbert gnp,0.28046,8
0.3,14,30,erdos renyi gilbert gnp,0.28046,8
0.3,15,30,erdos renyi gilbert gnp,0.28046,12
0.3,16,30,erdos renyi gilbert gnp,0.28046,8
0.3,17,30,erdos renyi gilbert gnp,0.28046,12
0.3,18,30,erdos renyi gilbert gnp,0.28046,10
0.3,19,30,erdos renyi gilbert gnp,0.28046,10
0.3,20,30,erdos renyi gilbert gnp,0.28046,13
0.3,21,30,erdos renyi gilbert gnp,0.28046,12
0.3,22,30,erdos renyi gilbert gnp,0.28046,8
0.3,23,30,erdos renyi gilbert gnp,0.28046,10
0.3,24,30,erdos renyi gilbert gnp,0.28046,11
0.3,25,30,erdos renyi gilbert gnp,0.28046,15
0.3,26,30,erdos renyi gilbert gnp,0.28046,10
0.3,27,30,erdos renyi gilbert gnp,0.28046,8
0.3,28,30,erdos renyi gilbert gnp,0.28046,12
0.3,29,30,erdos renyi gilbert gnp,0.28046,7
0.3,30,30,erdos renyi gilbert gnp,0.28046,13
0.3,31,30,erdos renyi gilbert gnp,0.28046,8
0.3,32,30,erdos renyi gilbert gnp,0.28046,8
0.3,33,30,erdos renyi gilbert gnp,0.28046,6
0.3,34,30,erdos renyi gilbert gnp,0.28046,9
0.3,35,30,erdos renyi gilbert gnp,0.28046,6
0.3,36,30,erdos renyi gilbert gnp,0.28046,8
0.3,37,30,erdos renyi gilbert gnp,0.28046,11
0.3,38,30,erdos renyi gilbert gnp,0.28046,7
0.3,39,30,erdos renyi gilbert gnp,0.28046,11
0.3,40,30,erdos renyi gilbert gnp,0.28046,16
0.3,41,30,erdos renyi gilbert gnp,0.28046,9
0.3,42,30,erdos renyi gilbert gnp,0.28046,8
0.3,43,30,erdos renyi gilbert gnp,0.28046,7
0.3,44,30,erdos renyi gilbert gnp,0.28046,6
0.3,45,30,erdos renyi gilbert gnp,0.28046,7
0.3,46,30,erdos renyi gilbert gnp,0.28046,10
0.3,47,30,erdos renyi gilbert gnp,0.28046,11
0.3,48,30,erdos renyi gilbert gnp,0.28046,8
0.3,49,30,erdos renyi gilbert gnp,0.28046,11
0.3,0,30,erdos renyi gilbert gnp,0.294253,10
0.3,1,30,erdos renyi gilbert gnp,0.294253,9
0.3,2,30,erdos renyi gilbert gnp,0.294253,8
0.3,3,30,erdos renyi gilbert gnp,0.294253,14
0.3,4,30,erdos renyi gilbert gnp,0.294253,8
0.3,5,30,erdos renyi gilbert gnp,0.294253,6
0.3,6,30,erdos renyi gilbert gnp,0.294253,10
0.3,7,30,erdos renyi gilbert gnp,0.294253,7
0.3,8,30,erdos renyi gilbert gnp,0.294253,10
0.3,9,30,erdos renyi gilbert gnp,0.294253,9
0.3,10,30,erdos renyi gilbert gnp,0.294253,8
0.3,11,30,erdos renyi gilbert gnp,0.294253,14
0.3,12,30,erdos renyi gilbert gnp,0.294253,16
0.3,13,30,erdos renyi gilbert gnp,0.294253,10
0.3,14,30,erdos renyi gilbert gnp,0.294253,14
0.3,15,30,erdos renyi gilbert gnp,0.294253,9
0.3,16,30,erdos renyi gilbert gnp,0.294253,11
0.3,17,30,erdos renyi gilbert gnp,0.294253,13
0.3,18,30,erdos renyi gilbert gnp,0.294253,8
0.3,19,30,erdos renyi gilbert gnp,0.294253,6
0.3,20,30,erdos renyi gilbert gnp,0.294253,8
0.3,21,30,erdos renyi gilbert gnp,0.294253,15
0.3,22,30,erdos renyi gilbert gnp,0.294253,6
0.3,23,30,erdos renyi gilbert gnp,0.294253,9
0.3,24,30,erdos renyi gilbert gnp,0.294253,7
0.3,25,30,erdos renyi gilbert gnp,0.294253,9
0.3,26,30,erdos renyi gilbert gnp,0.294253,10
0.3,27,30,erdos renyi gilbert gnp,0.294253,9
0.3,28,30,erdos renyi gilbert gnp,0.294253,12
0.3,29,30,erdos renyi gilbert gnp,0.294253,7
0.3,30,30,erdos renyi gilbert gnp,0.294253,7
0.3,31,30,erdos renyi gilbert gnp,0.294253,13
0.3,32,30,erdos renyi gilbert gnp,0.294253,9
0.3,33,30,erdos renyi gilbert gnp,0.294253,7
0.3,34,30,erdos renyi gilbert gnp,0.294253,8
0.3,35,30,erdos renyi gilbert gnp,0.294253,8
0.3,36,30,erdos renyi gilbert gnp,0.294253,6
0.3,37,30,erdos renyi gilbert gnp,0.294253,9
0.3,38,30,erdos renyi gilbert gnp,0.294253,8
0.3,39,30,erdos renyi gilbert gnp,0.294253,12
0.3,40,30,erdos renyi gilbert gnp,0.294253,7
0.3,41,30,erdos renyi gilbert gnp,0.294253,8
0.3,42,30,erdos renyi gilbert gnp,0.294253,10
0.3,43,30,erdos renyi gilbert gnp,0.294253,10
0.3,44,30,erdos renyi gilbert gnp,0.294253,13
0.3,45,30,erdos renyi gilbert gnp,0.294253,11
0.3,46,30,erdos renyi gilbert gnp,0.294253,7
0.3,47,30,erdos renyi gilbert gnp,0.294253,13
0.3,48,30,erdos renyi gilbert gnp,0.294253,9
0.3,49,30,erdos renyi gilbert gnp,0.294253,5
0.3,0,30,erdos renyi gilbert gnp,0.34023,9
0.3,1,30,erdos renyi gilbert gnp,0.34023,9
0.3,2,30,erdos renyi gilbert gnp,0.34023,9
0.3,3,30,erdos renyi gilbert gnp,0.34023,12
0.3,4,30,erdos renyi gilbert gnp,0.34023,9
0.3,5,30,erdos renyi gilbert gnp,0.34023,7
0.3,6,30,erdos renyi gilbert gnp,0.34023,7
0.3,7,30,erdos renyi gilbert gnp,0.34023,8
0.3,8,30,erdos renyi gilbert gnp,0.34023,9
0.3,9,30,erdos renyi gilbert gnp,0.34023,8
0.3,10,30,erdos renyi gilbert gnp,0.34023,7
0.3,11,30,erdos renyi gilbert gnp,0.34023,7
0.3,12,30,erdos renyi gilbert gnp,0.34023,7
0.3,13,30,erdos renyi gilbert gnp,0.34023,8
0.3,14,30,erdos renyi gilbert gnp,0.34023,8
0.3,15,30,erdos renyi gilbert gnp,0.34023,9
0.3,16,30,erdos renyi gilbert gnp,0.34023,7
0.3,17,30,erdos renyi gilbert gnp,0.34023,10
0.3,18,30,erdos renyi gilbert gnp,0.34023,10
0.3,19,30,erdos renyi gilbert gnp,0.34023,7
0.3,20,30,erdos renyi gilbert gnp,0.34023,9
0.3,21,30,erdos renyi gilbert gnp,0.34023,8
0.3,22,30,erdos renyi gilbert gnp,0.34023,8
0.3,23,30,erdos renyi gilbert gnp,0.34023,9
0.3,24,30,erdos renyi gilbert gnp,0.34023,8
0.3,25,30,erdos renyi gilbert gnp,0.34023,10
0.3,26,30,erdos renyi gilbert gnp,0.34023,9
0.3,27,30,erdos renyi gilbert gnp,0.34023,9
0.3,28,30,erdos renyi gilbert gnp,0.34023,9
0.3,29,30,erdos renyi gilbert gnp,0.34023,8
0.3,30,30,erdos renyi gilbert gnp,0.34023,9
0.3,31,30,erdos renyi gilbert gnp,0.34023,7
0.3,32,30,erdos renyi gilbert gnp,0.34023,7
0.3,33,30,erdos renyi gilbert gnp,0.34023,8
0.3,34,30,erdos renyi gilbert gnp,0.34023,10
0.3,35,30,erdos renyi gilbert gnp,0.34023,13
0.3,36,30,erdos renyi gilbert gnp,0.34023,8
0.3,37,30,erdos renyi gilbert gnp,0.34023,10
0.3,38,30,erdos renyi gilbert gnp,0.34023,10
0.3,39,30,erdos renyi gilbert gnp,0.34023,8
0.3,40,30,erdos renyi gilbert gnp,0.34023,10
0.3,41,30,erdos renyi gilbert gnp,0.34023,14
0.3,42,30,erdos renyi gilbert gnp,0.34023,7
0.3,43,30,erdos renyi gilbert gnp,0.34023,10
0.3,44,30,erdos renyi gilbert gnp,0.34023,13
0.3,45,30,erdos renyi gilbert gnp,0.34023,9
0.3,46,30,erdos renyi gilbert gnp,0.34023,8
0.3,47,30,erdos renyi gilbert gnp,0.34023,8
0.3,48,30,erdos renyi gilbert gnp,0.34023,7
0.3,49,30,erdos renyi gilbert gnp,0.34023,7
0.3,0,30,erdos renyi gilbert gnp,0.28046,9
0.3,1,30,erdos renyi gilbert gnp,0.28046,6
0.3,2,30,erdos renyi gilbert gnp,0.28046,8
0.3,3,30,erdos renyi gilbert gnp,0.28046,10
0.3,4,30,erdos renyi gilbert gnp,0.28046,11
0.3,5,30,erdos renyi gilbert gnp,0.28046,12
0.3,6,30,erdos renyi gilbert gnp,0.28046,13
0.3,7,30,erdos renyi gilbert gnp,0.28046,7
0.3,8,30,erdos renyi gilbert gnp,0.28046,9
0.3,9,30,erdos renyi gilbert gnp,0.28046,9
0.3,10,30,erdos renyi gilbert gnp,0.28046,13
0.3,11,30,erdos renyi gilbert gnp,0.28046,7
0.3,12,30,erdos renyi gilbert gnp,0.28046,6
0.3,13,30,erdos renyi gilbert gnp,0.28046,11
0.3,14,30,erdos renyi gilbert gnp,0.28046,10
0.3,15,30,erdos renyi gilbert gnp,0.28046,8
0.3,16,30,erdos renyi gilbert gnp,0.28046,9
0.3,17,30,erdos renyi gilbert gnp,0.28046,8
0.3,18,30,erdos renyi gilbert gnp,0.28046,6
0.3,19,30,erdos renyi gilbert gnp,0.28046,11
0.3,20,30,erdos renyi gilbert gnp,0.28046,9
0.3,21,30,erdos renyi gilbert gnp,0.28046,7
0.3,22,30,erdos renyi gilbert gnp,0.28046,12
0.3,23,30,erdos renyi gilbert gnp,0.28046,12
0.3,24,30,erdos renyi gilbert gnp,0.28046,10
0.3,25,30,erdos renyi gilbert gnp,0.28046,9
0.3,26,30,erdos renyi gilbert gnp,0.28046,7
0.3,27,30,erdos renyi gilbert gnp,0.28046,8
0.3,28,30,erdos renyi gilbert gnp,0.28046,11
0.3,29,30,erdos renyi gilbert gnp,0.28046,6
0.3,30,30,erdos renyi gilbert gnp,0.28046,9
0.3,31,30,erdos renyi gilbert gnp,0.28046,8
0.3,32,30,erdos renyi gilbert gnp,0.28046,10
0.3,33,30,erdos renyi gilbert gnp,0.28046,7
0.3,34,30,erdos renyi gilbert gnp,0.28046,9
0.3,35,30,erdos renyi gilbert gnp,0.28046,10
0.3,36,30,erdos renyi gilbert gnp,0.28046,10
0.3,37,30,erdos renyi gilbert gnp,0.28046,9
0.3,38,30,erdos renyi gilbert gnp,0.28046,7
0.3,39,30,erdos renyi gilbert gnp,0.28046,9
0.3,40,30,erdos renyi gilbert gnp,0.28046,8
0.3,41,30,erdos renyi gilbert gnp,0.28046,10
0.3,42,30,erdos renyi gilbert gnp,0.28046,11
0.3,43,30,erdos renyi gilbert gnp,0.28046,11
0.3,44,30,erdos renyi gilbert gnp,0.28046,8
0.3,45,30,erdos renyi gilbert gnp,0.28046,11
0.3,46,30,erdos renyi gilbert gnp,0.28046,7
0.3,47,30,erdos renyi gilbert gnp,0.28046,8
0.3,48,30,erdos renyi gilbert gnp,0.28046,9
0.3,49,30,erdos renyi gilbert gnp,0.28046,11
0.3,0,30,erdos renyi gilbert gnp,0.303448,9
0.3,1,30,erdos renyi gilbert gnp,0.303448,5
0.3,2,30,erdos renyi gilbert gnp,0.303448,8
0.3,3,30,erdos renyi gilbert gnp,0.303448,7
0.3,4,30,erdos renyi gilbert gnp,0.303448,11
0.3,5,30,erdos renyi gilbert gnp,0.303448,8
0.3,6,30,erdos renyi gilbert gnp,0.303448,12
0.3,7,30,erdos renyi gilbert gnp,0.303448,10
0.3,8,30,erdos renyi gilbert gnp,0.303448,7
0.3,9,30,erdos renyi gilbert gnp,0.303448,6
0.3,10,30,erdos renyi gilbert gnp,0.303448,9
0.3,11,30,erdos renyi gilbert gnp,0.303448,15
0.3,12,30,erdos renyi gilbert gnp,0.303448,10
0.3,13,30,erdos renyi gilbert gnp,0.303448,8
0.3,14,30,erdos renyi gilbert gnp,0.303448,9
0.3,15,30,erdos renyi gilbert gnp,0.303448,10
0.3,16,30,erdos renyi gilbert gnp,0.303448,11
0.3,17,30,erdos renyi gilbert gnp,0.303448,9
0.3,18,30,erdos renyi gilbert gnp,0.303448,6
0.3,19,30,erdos renyi gilbert gnp,0.303448,12
0.3,20,30,erdos renyi gilbert gnp,0.303448,7
0.3,21,30,erdos renyi gilbert gnp,0.303448,8
0.3,22,30,erdos renyi gilbert gnp,0.303448,9
0.3,23,30,erdos renyi gilbert gnp,0.303448,11
0.3,24,30,erdos renyi gilbert gnp,0.303448,10
0.3,25,30,erdos renyi gilbert gnp,0.303448,11
0.3,26,30,erdos renyi gilbert gnp,0.303448,10
0.3,27,30,erdos renyi gilbert gnp,0.303448,11
0.3,28,30,erdos renyi gilbert gnp,0.303448,7
0.3,29,30,erdos renyi gilbert gnp,0.303448,10
0.3,30,30,erdos renyi gilbert gnp,0.303448,9
0.3,31,30,erdos renyi gilbert gnp,0.303448,9
0.3,32,30,erdos renyi gilbert gnp,0.303448,9
0.3,33,30,erdos renyi gilbert gnp,0.303448,10
0.3,34,30,erdos renyi gilbert gnp,0.303448,13
0.3,35,30,erdos renyi gilbert gnp,0.303448,7
0.3,36,30,erdos renyi gilbert gnp,0.303448,11
0.3,37,30,erdos renyi gilbert gnp,0.303448,8
0.3,38,30,erdos renyi gilbert gnp,0.303448,8
0.3,39,30,erdos renyi gilbert gnp,0.303448,7
0.3,40,30,erdos renyi gilbert gnp,0.303448,7
0.3,41,30,erdos renyi gilbert gnp,0.303448,10
0.3,42,30,erdos renyi gilbert gnp,0.303448,5
0.3,43,30,erdos renyi gilbert gnp,0.303448,7
0.3,44,30,erdos renyi gilbert gnp,0.303448,9
0.3,45,30,erdos renyi gilbert gnp,0.303448,7
0.3,46,30,erdos renyi gilbert gnp,0.303448,9
0.3,47,30,erdos renyi gilbert gnp,0.303448,11
0.3,48,30,erdos renyi gilbert gnp,0.303448,6
0.3,49,30,erdos renyi gilbert gnp,0.303448,8
0.3,0,30,erdos renyi gilbert gnp,0.298851,8
0.3,1,30,erdos renyi gilbert gnp,0.298851,15
0.3,2,30,erdos renyi gilbert gnp,0.298851,11
0.3,3,30,erdos renyi gilbert gnp,0.298851,7
0.3,4,30,erdos renyi gilbert gnp,0.298851,10
0.3,5,30,erdos renyi gilbert gnp,0.298851,8
0.3,6,30,erdos renyi gilbert gnp,0.298851,6
0.3,7,30,erdos renyi gilbert gnp,0.298851,6
0.3,8,30,erdos renyi gilbert gnp,0.298851,7
0.3,9,30,erdos renyi gilbert gnp,0.298851,9
0.3,10,30,erdos renyi gilbert gnp,0.298851,8
0.3,11,30,erdos renyi gilbert gnp,0.298851,7
0.3,12,30,erdos renyi gilbert gnp,0.298851,7
0.3,13,30,erdos renyi gilbert gnp,0.298851,10
0.3,14,30,erdos renyi gilbert gnp,0.298851,11
0.3,15,30,erdos renyi gilbert gnp,0.298851,10
0.3,16,30,erdos renyi gilbert gnp,0.298851,9
0.3,17,30,erdos renyi gilbert gnp,0.298851,6
0.3,18,30,erdos renyi gilbert gnp,0.298851,8
0.3,19,30,erdos renyi gilbert gnp,0.298851,12
0.3,20,30,erdos renyi gilbert gnp,0.298851,11
0.3,21,30,erdos renyi gilbert gnp,0.298851,9
0.3,22,30,erdos renyi gilbert gnp,0.298851,10
0.3,23,30,erdos renyi gilbert gnp,0.298851,11
0.3,24,30,erdos renyi gilbert gnp,0.298851,8
0.3,25,30,erdos renyi gilbert gnp,0.298851,7
0.3,26,30,erdos renyi gilbert gnp,0.298851,10
0.3,27,30,erdos renyi gilbert gnp,0.298851,8
0.3,28,30,erdos renyi gilbert gnp,0.298851,9
0.3,29,30,erdos renyi gilbert gnp,0.298851,12
0.3,30,30,erdos renyi gilbert gnp,0.298851,11
0.3,31,30,erdos renyi gilbert gnp,0.298851,11
0.3,32,30,erdos renyi gilbert gnp,0.298851,13
0.3,33,30,erdos renyi gilbert gnp,0.298851,10
0.3,34,30,erdos renyi gilbert gnp,0.298851,11
0.3,35,30,erdos renyi gilbert gnp,0.298851,6
0.3,36,30,erdos renyi gilbert gnp,0.298851,9
0.3,37,30,erdos renyi gilbert gnp,0.298851,11
0.3,38,30,erdos renyi gilbert gnp,0.298851,9
0.3,39,30,erdos renyi gilbert gnp,0.298851,8
0.3,40,30,erdos renyi gilbert gnp,0.298851,8
0.3,41,30,erdos renyi gilbert gnp,0.298851,10
0.3,42,30,erdos renyi gilbert gnp,0.298851,11
0.3,43,30,erdos renyi gilbert gnp,0.298851,9
0.3,44,30,erdos renyi gilbert gnp,0.298851,11
0.3,45,30,erdos renyi gilbert gnp,0.298851,7
0.3,46,30,erdos renyi gilbert gnp,0.298851,8
0.3,47,30,erdos renyi gilbert gnp,0.298851,6
0.3,48,30,erdos renyi gilbert gnp,0.298851,9
0.3,49,30,erdos renyi gilbert gnp,0.298851,8
0.6,0,30,erdos renyi gilbert gnp,0.613793,9
0.6,1,30,erdos renyi gilbert gnp,0.613793,5
0.6,2,30,erdos renyi gilbert gnp,0.613793,6
0.6,3,30,erdos renyi gilbert gnp,0.613793,4
0.6,4,30,erdos renyi gilbert gnp,0.613793,9
0.6,5,30,erdos renyi gilbert gnp,0.613793,6
0.6,6,30,erdos renyi gilbert gnp,0.613793,6
0.6,7,30,erdos renyi gilbert gnp,0.613793,7
0.6,8,30,erdos renyi gilbert gnp,0.613793,8
0.6,9,30,erdos renyi gilbert gnp,0.613793,7
0.6,10,30,erdos renyi gilbert gnp,0.613793,6
0.6,11,30,erdos renyi gilbert gnp,0.613793,6
0.6,12,30,erdos renyi gilbert gnp,0.613793,7
0.6,13,30,erdos renyi gilbert gnp,0.613793,6
0.6,14,30,erdos renyi gilbert gnp,0.613793,6
0.6,15,30,erdos renyi gilbert gnp,0.613793,8
0.6,16,30,erdos renyi gilbert gnp,0.613793,6
0.6,17,30,erdos renyi gilbert gnp,0.613793,7
0.6,18,30,erdos renyi gilbert gnp,0.613793,6
0.6,19,30,erdos renyi gilbert gnp,0.613793,7
0.6,20,30,erdos renyi gilbert gnp,0.613793,7
0.6,21,30,erdos renyi gilbert gnp,0.613793,11
0.6,22,30,erdos renyi gilbert gnp,0.613793,7
0.6,23,30,erdos renyi gilbert gnp,0.613793,5
0.6,24,30,erdos renyi gilbert gnp,0.613793,10
0.6,25,30,erdos renyi gilbert gnp,0.613793,6
0.6,26,30,erdos renyi gilbert gnp,0.613793,7
0.6,27,30,erdos renyi gilbert gnp,0.613793,6
0.6,28,30,erdos renyi gilbert gnp,0.613793,9
0.6,29,30,erdos renyi gilbert gnp,0.613793,6
0.6,30,30,erdos renyi gilbert gnp,0.613793,8
0.6,31,30,erdos renyi gilbert gnp,0.613793,9
0.6,32,30,erdos renyi gilbert gnp,0.613793,7
0.6,33,30,erdos renyi gilbert gnp,0.613793,6
0.6,34,30,erdos renyi gilbert gnp,0.613793,6
0.6,35,30,erdos renyi gilbert gnp,0.613793,9
0.6,36,30,erdos renyi gilbert gnp,0.613793,9
0.6,37,30,erdos renyi gilbert gnp,0.613793,6
0.6,38,30,erdos renyi gilbert gnp,0.613793,11
0.6,39,30,erdos renyi gilbert gnp,0.613793,8
0.6,40,30,erdos renyi gilbert gnp,0.613793,7
0.6,41,30,erdos renyi gilbert gnp,0.613793,6
0.6,42,30,erdos renyi gilbert gnp,0.613793,6
0.6,43,30,erdos renyi gilbert gnp,0.613793,9
0.6,44,30,erdos renyi gilbert gnp,0.613793,6
0.6,45,30,erdos renyi gilbert gnp,0.613793,10
0.6,46,30,erdos renyi gilbert gnp,0.613793,7
0.6,47,30,erdos renyi gilbert gnp,0.613793,7
0.6,48,30,erdos renyi gilbert gnp,0.613793,5
0.6,49,30,erdos renyi gilbert gnp,0.613793,7
0.6,0,30,erdos renyi gilbert gnp,0.604598,6
0.6,1,30,erdos renyi gilbert gnp,0.604598,10
0.6,2,30,erdos renyi gilbert gnp,0.604598,7
0.6,3,30,erdos renyi gilbert gnp,0.604598,6
0.6,4,30,erdos renyi gilbert gnp,0.604598,7
0.6,5,30,erdos renyi gilbert gnp,0.604598,8
0.6,6,30,erdos renyi gilbert gnp,0.604598,7
0.6,7,30,erdos renyi gilbert gnp,0.604598,6
0.6,8,30,erdos renyi gilbert gnp,0.604598,6
0.6,9,30,erdos renyi gilbert gnp,0.604598,6
0.6,10,30,erdos renyi gilbert gnp,0.604598,7
0.6,11,30,erdos renyi gilbert gnp,0.604598,8
0.6,12,30,erdos renyi gilbert gnp,0.604598,9
0.6,13,30,erdos renyi gilbert gnp,0.604598,6
0.6,14,30,erdos renyi gilbert gnp,0.604598,9
0.6,15,30,erdos renyi gilbert gnp,0.604598,6
0.6,16,30,erdos renyi gilbert gnp,0.604598,5
0.6,17,30,erdos renyi gilbert gnp,0.604598,7
0.6,18,30,erdos renyi gilbert gnp,0.604598,6
0.6,19,30,erdos renyi gilbert gnp,0.604598,6
0.6,20,30,erdos renyi gilbert gnp,0.604598,8
0.6,21,30,erdos renyi gilbert gnp,0.604598,8
0.6,22,30,erdos renyi gilbert gnp,0.604598,7
0.6,23,30,erdos renyi gilbert gnp,0.604598,7
0.6,24,30,erdos renyi gilbert gnp,0.604598,6
0.6,25,30,erdos renyi gilbert gnp,0.604598,7
0.6,26,30,erdos renyi gilbert gnp,0.604598,6
0.6,27,30,erdos renyi gilbert gnp,0.604598,7
0.6,28,30,erdos renyi gilbert gnp,0.604598,9
0.6,29,30,erdos renyi gilbert gnp,0.604598,10
0.6,30,30,erdos renyi gilbert gnp,0.604598,7
0.6,31,30,erdos renyi gilbert gnp,0.604598,8
0.6,32,30,erdos renyi gilbert gnp,0.604598,8
0.6,33,30,erdos renyi gilbert gnp,0.604598,8
0.6,34,30,erdos renyi gilbert gnp,0.604598,6
0.6,35,30,erdos renyi gilbert gnp,0.604598,6
0.6,36,30,erdos renyi gilbert gnp,0.604598,7
0.6,37,30,erdos renyi gilbert gnp,0.604598,6
0.6,38,30,erdos renyi gilbert gnp,0.604598,7
0.6,39,30,erdos renyi gilbert gnp,0.604598,7
0.6,40,30,erdos renyi gilbert gnp,0.604598,6
0.6,41,30,erdos renyi gilbert gnp,0.604598,7
0.6,42,30,erdos renyi gilbert gnp,0.604598,6
0.6,43,30,erdos renyi gilbert gnp,0.604598,7
0.6,44,30,erdos renyi gilbert gnp,0.604598,6
0.6,45,30,erdos renyi gilbert gnp,0.604598,7
0.6,46,30,erdos renyi gilbert gnp,0.604598,8
0.6,47,30,erdos renyi gilbert gnp,0.604598,5
0.6,48,30,erdos renyi gilbert gnp,0.604598,6
0.6,49,30,erdos renyi gilbert gnp,0.604598,5
0.6,0,30,erdos renyi gilbert gnp,0.563218,8
0.6,1,30,erdos renyi gilbert gnp,0.563218,6
0.6,2,30,erdos renyi gilbert gnp,0.563218,6
0.6,3,30,erdos renyi gilbert gnp,0.563218,8
0.6,4,30,erdos renyi gilbert gnp,0.563218,7
0.6,5,30,erdos renyi gilbert gnp,0.563218,7
0.6,6,30,erdos renyi gilbert gnp,0.563218,6
0.6,7,30,erdos renyi gilbert gnp,0.563218,7
0.6,8,30,erdos renyi gilbert gnp,0.563218,7
0.6,9,30,erdos renyi gilbert gnp,0.563218,6
0.6,10,30,erdos renyi gilbert gnp,0.563218,6
0.6,11,30,erdos renyi gilbert gnp,0.563218,6
0.6,12,30,erdos renyi gilbert gnp,0.563218,5
0.6,13,30,erdos renyi gilbert gnp,0.563218,6
0.6,14,30,erdos renyi gilbert gnp,0.563218,6
0.6,15,30,erdos renyi gilbert gnp,0.563218,9
0.6,16,30,erdos renyi gilbert gnp,0.563218,6
0.6,17,30,erdos renyi gilbert gnp,0.563218,6
0.6,18,30,erdos renyi gilbert gnp,0.563218,6
0.6,19,30,erdos renyi gilbert gnp,0.563218,7
0.6,20,30,erdos renyi gilbert gnp,0.563218,8
0.6,21,30,erdos renyi gilbert gnp,0.563218,6
0.6,22,30,erdos renyi gilbert gnp,0.563218,10
0.6,23,30,erdos renyi gilbert gnp,0.563218,10
0.6,24,30,erdos renyi gilbert gnp,0.563218,7
0.6,25,30,erdos renyi gilbert gnp,0.563218,5
0.6,26,30,erdos renyi gilbert gnp,0.563218,8
0.6,27,30,erdos renyi gilbert gnp,0.563218,9
0.6,28,30,erdos renyi gilbert gnp,0.563218,7
0.6,29,30,erdos renyi gilbert gnp,0.563218,9
0.6,30,30,erdos renyi gilbert gnp,0.563218,7
0.6,31,30,erdos renyi gilbert gnp,0.563218,6
0.6,32,30,erdos renyi gilbert gnp,0.563218,8
0.6,33,30,erdos renyi gilbert gnp,0.563218,6
0.6,34,30,erdos renyi gilbert gnp,0.563218,6
0.6,35,30,erdos renyi gilbert gnp,0.563218,7
0.6,36,30,erdos renyi gilbert gnp,0.563218,7
0.6,37,30,erdos renyi gilbert gnp,0.563218,5
0.6,38,30,erdos renyi gilbert gnp,0.563218,5
0.6,39,30,erdos renyi gilbert gnp,0.563218,6
0.6,40,30,erdos renyi gilbert gnp,0.563218,7
0.6,41,30,erdos renyi gilbert gnp,0.563218,6
0.6,42,30,erdos renyi gilbert gnp,0.563218,7
0.6,43,30,erdos renyi gilbert gnp,0.563218,6
0.6,44,30,erdos renyi gilbert gnp,0.563218,5
0.6,45,30,erdos renyi gilbert gnp,0.563218,7
0.6,46,30,erdos renyi gilbert gnp,0.563218,7
0.6,47,30,erdos renyi gilbert gnp,0.563218,6
0.6,48,30,erdos renyi gilbert gnp,0.563218,6
0.6,49,30,erdos renyi gilbert gnp,0.563218,6
0.6,0,30,erdos renyi gilbert gnp,0.622989,6
0.6,1,30,erdos renyi gilbert gnp,0.622989,6
0.6,2,30,erdos renyi gilbert gnp,0.622989,8
0.6,3,30,erdos renyi gilbert gnp,0.622989,6
0.6,4,30,erdos renyi gilbert gnp,0.622989,6
0.6,5,30,erdos renyi gilbert gnp,0.622989,7
0.6,6,30,erdos renyi gilbert gnp,0.622989,6
0.6,7,30,erdos renyi gilbert gnp,0.622989,6
0.6,8,30,erdos renyi gilbert gnp,0.622989,6
0.6,9,30,erdos renyi gilbert gnp,0.622989,7
0.6,10,30,erdos renyi gilbert gnp,0.622989,5
0.6,11,30,erdos renyi gilbert gnp,0.622989,7
0.6,12,30,erdos renyi gilbert gnp,0.622989,7
0.6,13,30,erdos renyi gilbert gnp,0.622989,7
0.6,14,30,erdos renyi gilbert gnp,0.622989,7
0.6,15,30,erdos renyi gilbert gnp,0.622989,7
0.6,16,30,erdos renyi gilbert gnp,0.622989,5
0.6,17,30,erdos renyi gilbert gnp,0.622989,7
0.6,18,30,erdos renyi gilbert gnp,0.622989,4
0.6,19,30,erdos renyi gilbert gnp,0.622989,7
0.6,20,30,erdos renyi gilbert gnp,0.622989,6
0.6,21,30,erdos renyi gilbert gnp,0.622989,6
0.6,22,30,erdos renyi gilbert gnp,0.622989,7
0.6,23,30,erdos renyi gilbert gnp,0.622989,7
0.6,24,30,erdos renyi gilbert gnp,0.622989,8
0.6,25,30,erdos renyi gilbert gnp,0.622989,7
0.6,26,30,erdos renyi gilbert gnp,0.622989,6
0.6,27,30,erdos renyi gilbert gnp,0.622989,8
0.6,28,30,erdos renyi gilbert gnp,0.622989,7
0.6,29,30,erdos renyi gilbert gnp,0.622989,8
0.6,30,30,erdos renyi gilbert gnp,0.622989,6
0.6,31,30,erdos renyi gilbert gnp,0.622989,7
0.6,32,30,erdos renyi gilbert gnp,0.622989,5
0.6,33,30,erdos renyi gilbert gnp,0.622989,6
0.6,34,30,erdos renyi gilbert gnp,0.622989,7
0.6,35,30,erdos renyi gilbert gnp,0.622989,7
0.6,36,30,erdos renyi gilbert gnp,0.622989,9
0.6,37,30,erdos renyi gilbert gnp,0.622989,9
0.6,38,30,erdos renyi gilbert gnp,0.622989,7
0.6,39,30,erdos renyi gilbert gnp,0.622989,6
0.6,40,30,erdos renyi gilbert gnp,0.622989,6
0.6,41,30,erdos renyi gilbert gnp,0.622989,8
0.6,42,30,erdos renyi gilbert gnp,0.622989,9
0.6,43,30,erdos renyi gilbert gnp,0.622989,5
0.6,44,30,erdos renyi gilbert gnp,0.622989,5
0.6,45,30,erdos renyi gilbert gnp,0.622989,7
0.6,46,30,erdos renyi gilbert gnp,0.622989,8
0.6,47,30,erdos renyi gilbert gnp,0.622989,6
0.6,48,30,erdos renyi gilbert gnp,0.622989,7
0.6,49,30,erdos renyi gilbert gnp,0.622989,7
0.6,0,30,erdos renyi gilbert gnp,0.602299,7
0.6,1,30,erdos renyi gilbert gnp,0.602299,9
0.6,2,30,erdos renyi gilbert gnp,0.602299,7
0.6,3,30,erdos renyi gilbert gnp,0.602299,8
0.6,4,30,erdos renyi gilbert gnp,0.602299,10
0.6,5,30,erdos renyi gilbert gnp,0.602299,7
0.6,6,30,erdos renyi gilbert gnp,0.602299,7
0.6,7,30,erdos renyi gilbert gnp,0.602299,8
0.6,8,30,erdos renyi gilbert gnp,0.602299,6
0.6,9,30,erdos renyi gilbert gnp,0.602299,8
0.6,10,30,erdos renyi gilbert gnp,0.602299,8
0.6,11,30,erdos renyi gilbert gnp,0.602299,5
0.6,12,30,erdos renyi gilbert gnp,0.602299,8
0.6,13,30,erdos renyi gilbert gnp,0.602299,7
0.6,14,30,erdos renyi gilbert gnp,0.602299,8
0.6,15,30,erdos renyi gilbert gnp,0.602299,8
0.6,16,30,erdos renyi gilbert gnp,0.602299,8
0.6,17,30,erdos renyi gilbert gnp,0.602299,7
0.6,18,30,erdos renyi gilbert gnp,0.602299,6
0.6,19,30,erdos renyi gilbert gnp,0.602299,6
0.6,20,30,erdos renyi gilbert gnp,0.602299,9
0.6,21,30,erdos renyi gilbert gnp,0.602299,6
0.6,22,30,erdos renyi gilbert gnp,0.602299,7
0.6,23,30,erdos renyi gilbert gnp,0.602299,7
0.6,24,30,erdos renyi gilbert gnp,0.602299,6
0.6,25,30,erdos renyi gilbert gnp,0.602299,7
0.6,26,30,erdos renyi gilbert gnp,0.602299,6
0.6,27,30,erdos renyi gilbert gnp,0.602299,5
0.6,28,30,erdos renyi gilbert gnp,0.602299,5
0.6,29,30,erdos renyi gilbert gnp,0.602299,10
0.6,30,30,erdos renyi gilbert gnp,0.602299,7
0.6,31,30,erdos renyi gilbert gnp,0.602299,8
0.6,32,30,erdos renyi gilbert gnp,0.602299,7
0.6,33,30,erdos renyi gilbert gnp,0.602299,7
0.6,34,30,erdos renyi gilbert gnp,0.602299,6
0.6,35,30,erdos renyi gilbert gnp,0.602299,9
0.6,36,30,erdos renyi gilbert gnp,0.602299,8
0.6,37,30,erdos renyi gilbert gnp,0.602299,7
0.6,38,30,erdos renyi gilbert gnp,0.602299,6
0.6,39,30,erdos renyi gilbert gnp,0.602299,7
0.6,40,30,erdos renyi gilbert gnp,0.602299,7
0.6,41,30,erdos renyi gilbert gnp,0.602299,6
0.6,42,30,erdos renyi gilbert gnp,0.602299,7
0.6,43,30,erdos renyi gilbert gnp,0.602299,6
0.6,44,30,erdos renyi gilbert gnp,0.602299,8
0.6,45,30,erdos renyi gilbert gnp,0.602299,10
0.6,46,30,erdos renyi gilbert gnp,0.602299,5
0.6,47,30,erdos renyi gilbert gnp,0.602299,6
0.6,48,30,erdos renyi gilbert gnp,0.602299,8
0.6,49,30,erdos renyi gilbert gnp,0.602299,6
0.6,0,30,erdos renyi gilbert gnp,0.602299,6
0.6,1,30,erdos renyi gilbert gnp,0.602299,6
0.6,2,30,erdos renyi gilbert gnp,0.602299,7
0.6,3,30,erdos renyi gilbert gnp,0.602299,8
0.6,4,30,erdos renyi gilbert gnp,0.602299,9
0.6,5,30,erdos renyi gilbert gnp,0.602299,7
0.6,6,30,erdos renyi gilbert gnp,0.602299,7
0.6,7,30,erdos renyi gilbert gnp,0.602299,7
0.6,8,30,erdos renyi gilbert gnp,0.602299,8
0.6,9,30,erdos renyi gilbert gnp,0.602299,8
0.6,10,30,erdos renyi gilbert gnp,0.602299,8
0.6,11,30,erdos renyi gilbert gnp,0.602299,6
0.6,12,30,erdos renyi gilbert gnp,0.602299,6
0.6,13,30,erdos renyi gilbert gnp,0.602299,6
0.6,14,30,erdos renyi gilbert gnp,0.602299,6
0.6,15,30,erdos renyi gilbert gnp,0.602299,6
0.6,16,30,erdos renyi gilbert gnp,0.602299,7
0.6,17,30,erdos renyi gilbert gnp,0.602299,6
0.6,18,30,erdos renyi gilbert gnp,0.602299,7
0.6,19,30,erdos renyi gilbert gnp,0.602299,7
0.6,20,30,erdos renyi gilbert gnp,0.602299,7
0.6,21,30,erdos renyi gilbert gnp,0.602299,6
0.6,22,30,erdos renyi gilbert gnp,0.602299,5
0.6,23,30,erdos renyi gilbert gnp,0.602299,8
0.6,24,30,erdos renyi gilbert gnp,0.602299,7
0.6,25,30,erdos renyi gilbert gnp,0.602299,7
0.6,26,30,erdos renyi gilbert gnp,0.602299,8
0.6,27,30,erdos renyi gilbert gnp,0.602299,9
0.6,28,30,erdos renyi gilbert gnp,0.602299,5
0.6,29,30,erdos renyi gilbert gnp,0.602299,6
0.6,30,30,erdos renyi gilbert gnp,0.602299,7
0.6,31,30,erdos renyi gilbert gnp,0.602299,7
0.6,32,30,erdos renyi gilbert gnp,0.602299,6
0.6,33,30,erdos renyi gilbert gnp,0.602299,11
0.6,34,30,erdos renyi gilbert gnp,0.602299,7
0.6,35,30,erdos renyi gilbert gnp,0.602299,5
0.6,36,30,erdos renyi gilbert gnp,0.602299,8
0.6,37,30,erdos renyi gilbert gnp,0.602299,6
0.6,38,30,erdos renyi gilbert gnp,0.602299,7
0.6,39,30,erdos renyi gilbert gnp,0.602299,5
0.6,40,30,erdos renyi gilbert gnp,0.602299,6
0.6,41,30,erdos renyi gilbert gnp,0.602299,6
0.6,42,30,erdos renyi gilbert gnp,0.602299,6
0.6,43,30,erdos renyi gilbert gnp,0.602299,7
0.6,44,30,erdos renyi gilbert gnp,0.602299,6
0.6,45,30,erdos renyi gilbert gnp,0.602299,6
0.6,46,30,erdos renyi gilbert gnp,0.602299,7
0.6,47,30,erdos renyi gilbert gnp,0.602299,6
0.6,48,30,erdos renyi gilbert gnp,0.602299,5
0.6,49,30,erdos renyi gilbert gnp,0.602299,6
0.6,0,30,erdos renyi gilbert gnp,0.595402,7
0.6,1,30,erdos renyi gilbert gnp,0.595402,6
0.6,2,30,erdos renyi gilbert gnp,0.595402,7
0.6,3,30,erdos renyi gilbert gnp,0.595402,7
0.6,4,30,erdos renyi gilbert gnp,0.595402,7
0.6,5,30,erdos renyi gilbert gnp,0.595402,6
0.6,6,30,erdos renyi gilbert gnp,0.595402,8
0.6,7,30,erdos renyi gilbert gnp,0.595402,8
0.6,8,30,erdos renyi gilbert gnp,0.595402,5
0.6,9,30,erdos renyi gilbert gnp,0.595402,8
0.6,10,30,erdos renyi gilbert gnp,0.595402,6
0.6,11,30,erdos renyi gilbert gnp,0.595402,8
0.6,12,30,erdos renyi gilbert gnp,0.595402,10
0.6,13,30,erdos renyi gilbert gnp,0.595402,7
0.6,14,30,erdos renyi gilbert gnp,0.595402,6
0.6,15,30,erdos renyi gilbert gnp,0.595402,8
0.6,16,30,erdos renyi gilbert gnp,0.595402,6
0.6,17,30,erdos renyi gilbert gnp,0.595402,6
0.6,18,30,erdos renyi gilbert gnp,0.595402,5
0.6,19,30,erdos renyi gilbert gnp,0.595402,6
0.6,20,30,erdos renyi gilbert gnp,0.595402,6
0.6,21,30,erdos renyi gilbert gnp,0.595402,5
0.6,22,30,erdos renyi gilbert gnp,0.595402,4
0.6,23,30,erdos renyi gilbert gnp,0.595402,7
0.6,24,30,erdos renyi gilbert gnp,0.595402,8
0.6,25,30,erdos renyi gilbert gnp,0.595402,8
0.6,26,30,erdos renyi gilbert gnp,0.595402,6
0.6,27,30,erdos renyi gilbert gnp,0.595402,7
0.6,28,30,erdos renyi gilbert gnp,0.595402,6
0.6,29,30,erdos renyi gilbert gnp,0.595402,7
0.6,30,30,erdos renyi gilbert gnp,0.595402,8
0.6,31,30,erdos renyi gilbert gnp,0.595402,6
0.6,32,30,erdos renyi gilbert gnp,0.595402,6
0.6,33,30,erdos renyi gilbert gnp,0.595402,7
0.6,34,30,erdos renyi gilbert gnp,0.595402,6
0.6,35,30,erdos renyi gilbert gnp,0.595402,6
0.6,36,30,erdos renyi gilbert gnp,0.595402,7
0.6,37,30,erdos renyi gilbert gnp,0.595402,6
0.6,38,30,erdos renyi gilbert gnp,0.595402,7
0.6,39,30,erdos renyi gilbert gnp,0.595402,10
0.6,40,30,erdos renyi gilbert gnp,0.595402,6
0.6,41,30,erdos renyi gilbert gnp,0.595402,9
0.6,42,30,erdos renyi gilbert gnp,0.595402,6
0.6,43,30,erdos renyi gilbert gnp,0.595402,7
0.6,44,30,erdos renyi gilbert gnp,0.595402,8
0.6,45,30,erdos renyi gilbert gnp,0.595402,9
0.6,46,30,erdos renyi gilbert gnp,0.595402,8
0.6,47,30,erdos renyi gilbert gnp,0.595402,6
0.6,48,30,erdos renyi gilbert gnp,0.595402,8
0.6,49,30,erdos renyi gilbert gnp,0.595402,8
0.6,0,30,erdos renyi gilbert gnp,0.586207,5
0.6,1,30,erdos renyi gilbert gnp,0.586207,9
0.6,2,30,erdos renyi gilbert gnp,0.586207,8
0.6,3,30,erdos renyi gilbert gnp,0.586207,8
0.6,4,30,erdos renyi gilbert gnp,0.586207,7
0.6,5,30,erdos renyi gilbert gnp,0.586207,6
0.6,6,30,erdos renyi gilbert gnp,0.586207,8
0.6,7,30,erdos renyi gilbert gnp,0.586207,5
0.6,8,30,erdos renyi gilbert gnp,0.586207,8
0.6,9,30,erdos renyi gilbert gnp,0.586207,7
0.6,10,30,erdos renyi gilbert gnp,0.586207,7
0.6,11,30,erdos renyi gilbert gnp,0.586207,6
0.6,12,30,erdos renyi gilbert gnp,0.586207,7
0.6,13,30,erdos renyi gilbert gnp,0.586207,10
0.6,14,30,erdos renyi gilbert gnp,0.586207,5
0.6,15,30,erdos renyi gilbert gnp,0.586207,6
0.6,16,30,erdos renyi gilbert gnp,0.586207,7
0.6,17,30,erdos renyi gilbert gnp,0.586207,7
0.6,18,30,erdos renyi gilbert gnp,0.586207,6
0.6,19,30,erdos renyi gilbert gnp,0.586207,6
0.6,20,30,erdos renyi gilbert gnp,0.586207,8
0.6,21,30,erdos renyi gilbert gnp,0.586207,8
0.6,22,30,erdos renyi gilbert gnp,0.586207,7
0.6,23,30,erdos renyi gilbert gnp,0.586207,6
0.6,24,30,erdos renyi gilbert gnp,0.586207,6
0.6,25,30,erdos renyi gilbert gnp,0.586207,6
0.6,26,30,erdos renyi gilbert gnp,0.586207,7
0.6,27,30,erdos renyi gilbert gnp,0.586207,9
0.6,28,30,erdos renyi gilbert gnp,0.586207,6
0.6,29,30,erdos renyi gilbert gnp,0.586207,9
0.6,30,30,erdos renyi gilbert gnp,0.586207,5
0.6,31,30,erdos renyi gilbert gnp,0.586207,7
0.6,32,30,erdos renyi gilbert gnp,0.586207,5
0.6,33,30,erdos renyi gilbert gnp,0.586207,5
0.6,34,30,erdos renyi gilbert gnp,0.586207,5
0.6,35,30,erdos renyi gilbert gnp,0.586207,10
0.6,36,30,erdos renyi gilbert gnp,0.586207,6
0.6,37,30,erdos renyi gilbert gnp,0.586207,7
0.6,38,30,erdos renyi gilbert gnp,0.586207,7
0.6,39,30,erdos renyi gilbert gnp,0.586207,8
0.6,40,30,erdos renyi gilbert gnp,0.586207,6
0.6,41,30,erdos renyi gilbert gnp,0.586207,9
0.6,42,30,erdos renyi gilbert gnp,0.586207,7
0.6,43,30,erdos renyi gilbert gnp,0.586207,6
0.6,44,30,erdos renyi gilbert gnp,0.586207,7
0.6,45,30,erdos renyi gilbert gnp,0.586207,8
0.6,46,30,erdos renyi gilbert gnp,0.586207,7
0.6,47,30,erdos renyi gilbert gnp,0.586207,6
0.6,48,30,erdos renyi gilbert gnp,0.586207,6
0.6,49,30,erdos renyi gilbert gnp,0.586207,7
0.6,0,30,erdos renyi gilbert gnp,0.611494,6
0.6,1,30,erdos renyi gilbert gnp,0.611494,6
0.6,2,30,erdos renyi gilbert gnp,0.611494,5
0.6,3,30,erdos renyi gilbert gnp,0.611494,8
0.6,4,30,erdos renyi gilbert gnp,0.611494,6
0.6,5,30,erdos renyi gilbert gnp,0.611494,5
0.6,6,30,erdos renyi gilbert gnp,0.611494,7
0.6,7,30,erdos renyi gilbert gnp,0.611494,8
0.6,8,30,erdos renyi gilbert gnp,0.611494,6
0.6,9,30,erdos renyi gilbert gnp,0.611494,9
0.6,10,30,erdos renyi gilbert gnp,0.611494,7
0.6,11,30,erdos renyi gilbert gnp,0.611494,8
0.6,12,30,erdos renyi gilbert gnp,0.611494,7
0.6,13,30,erdos renyi gilbert gnp,0.611494,5
0.6,14,30,erdos renyi gilbert gnp,0.611494,7
0.6,15,30,erdos renyi gilbert gnp,0.611494,9
0.6,16,30,erdos renyi gilbert gnp,0.611494,7
0.6,17,30,erdos renyi gilbert gnp,0.611494,11
0.6,18,30,erdos renyi gilbert gnp,0.611494,7
0.6,19,30,erdos renyi gilbert gnp,0.611494,6
0.6,20,30,erdos renyi gilbert gnp,0.611494,5
0.6,21,30,erdos renyi gilbert gnp,0.611494,6
0.6,22,30,erdos renyi gilbert gnp,0.611494,7
0.6,23,30,erdos renyi gilbert gnp,0.611494,5
0.6,24,30,erdos renyi gilbert gnp,0.611494,7
0.6,25,30,erdos renyi gilbert gnp,0.611494,6
0.6,26,30,erdos renyi gilbert gnp,0.611494,7
0.6,27,30,erdos renyi gilbert gnp,0.611494,5
0.6,28,30,erdos renyi gilbert gnp,0.611494,5
0.6,29,30,erdos renyi gilbert gnp,0.611494,6
0.6,30,30,erdos renyi gilbert gnp,0.611494,10
0.6,31,30,erdos renyi gilbert gnp,0.611494,6
0.6,32,30,erdos renyi gilbert gnp,0.611494,8
0.6,33,30,erdos renyi gilbert gnp,0.611494,9
0.6,34,30,erdos renyi gilbert gnp,0.611494,7
0.6,35,30,erdos renyi gilbert gnp,0.611494,6
0.6,36,30,erdos renyi gilbert gnp,0.611494,7
0.6,37,30,erdos renyi gilbert gnp,0.611494,5
0.6,38,30,erdos renyi gilbert gnp,0.611494,6
0.6,39,30,erdos renyi gilbert gnp,0.611494,5
0.6,40,30,erdos renyi gilbert gnp,0.611494,9
0.6,41,30,erdos renyi gilbert gnp,0.611494,11
0.6,42,30,erdos renyi gilbert gnp,0.611494,6
0.6,43,30,erdos renyi gilbert gnp,0.611494,5
0.6,44,30,erdos renyi gilbert gnp,0.611494,5
0.6,45,30,erdos renyi gilbert gnp,0.611494,9
0.6,46,30,erdos renyi gilbert gnp,0.611494,6
0.6,47,30,erdos renyi gilbert gnp,0.611494,6
0.6,48,30,erdos renyi gilbert gnp,0.611494,7
0.6,49,30,erdos renyi gilbert gnp,0.611494,9
0.6,0,30,erdos renyi gilbert gnp,0.611494,7
0.6,1,30,erdos renyi gilbert gnp,0.611494,7
0.6,2,30,erdos renyi gilbert gnp,0.611494,6
0.6,3,30,erdos renyi gilbert gnp,0.611494,7
0.6,4,30,erdos renyi gilbert gnp,0.611494,6
0.6,5,30,erdos renyi gilbert gnp,0.611494,9
0.6,6,30,erdos renyi gilbert gnp,0.611494,7
0.6,7,30,erdos renyi gilbert gnp,0.611494,5
0.6,8,30,erdos renyi gilbert gnp,0.611494,10
0.6,9,30,erdos renyi gilbert gnp,0.611494,8
0.6,10,30,erdos renyi gilbert gnp,0.611494,6
0.6,11,30,erdos renyi gilbert gnp,0.611494,8
0.6,12,30,erdos renyi gilbert gnp,0.611494,8
0.6,13,30,erdos renyi gilbert gnp,0.611494,7
0.6,14,30,erdos renyi gilbert gnp,0.611494,9
0.6,15,30,erdos renyi gilbert gnp,0.611494,7
0.6,16,30,erdos renyi gilbert gnp,0.611494,6
0.6,17,30,erdos renyi gilbert gnp,0.611494,8
0.6,18,30,erdos renyi gilbert gnp,0.611494,5
0.6,19,30,erdos renyi gilbert gnp,0.611494,8
0.6,20,30,erdos renyi gilbert gnp,0.611494,7
0.6,21,30,erdos renyi gilbert gnp,0.611494,6
0.6,22,30,erdos renyi gilbert gnp,0.611494,8
0.6,23,30,erdos renyi gilbert gnp,0.611494,6
0.6,24,30,erdos renyi gilbert gnp,0.611494,6
0.6,25,30,erdos renyi gilbert gnp,0.611494,7
0.6,26,30,erdos renyi gilbert gnp,0.611494,6
0.6,27,30,erdos renyi gilbert gnp,0.611494,6
0.6,28,30,erdos renyi gilbert gnp,0.611494,6
0.6,29,30,erdos renyi gilbert gnp,0.611494,5
0.6,30,30,erdos renyi gilbert gnp,0.611494,8
0.6,31,30,erdos renyi gilbert gnp,0.611494,8
0.6,32,30,erdos renyi gilbert gnp,0.611494,7
0.6,33,30,erdos renyi gilbert gnp,0.611494,8
0.6,34,30,erdos renyi gilbert gnp,0.611494,7
0.6,35,30,erdos renyi gilbert gnp,0.611494,7
0.6,36,30,erdos renyi gilbert gnp,0.611494,7
0.6,37,30,erdos renyi gilbert gnp,0.611494,8
0.6,38,30,erdos renyi gilbert gnp,0.611494,8
0.6,39,30,erdos renyi gilbert gnp,0.611494,8
0.6,40,30,erdos renyi gilbert gnp,0.611494,6
0.6,41,30,erdos renyi gilbert gnp,0.611494,7
0.6,42,30,erdos renyi gilbert gnp,0.611494,9
0.6,43,30,erdos renyi gilbert gnp,0.611494,8
0.6,44,30,erdos renyi gilbert gnp,0.611494,8
0.6,45,30,erdos renyi gilbert gnp,0.611494,7
0.6,46,30,erdos renyi gilbert gnp,0.611494,10
0.6,47,30,erdos renyi gilbert gnp,0.611494,6
0.6,48,30,erdos renyi gilbert gnp,0.611494,6
0.6,49,30,erdos renyi gilbert gnp,0.611494,7
0.9,0,30,erdos renyi gilbert gnp,0.891954,5
0.9,1,30,erdos renyi gilbert gnp,0.891954,5
0.9,2,30,erdos renyi gilbert gnp,0.891954,6
0.9,3,30,erdos renyi gilbert gnp,0.891954,5
0.9,4,30,erdos renyi gilbert gnp,0.891954,6
0.9,5,30,erdos renyi gilbert gnp,0.891954,5
0.9,6,30,erdos renyi gilbert gnp,0.891954,6
0.9,7,30,erdos renyi gilbert gnp,0.891954,5
0.9,8,30,erdos renyi gilbert gnp,0.891954,5
0.9,9,30,erdos renyi gilbert gnp,0.891954,6
0.9,10,30,erdos renyi gilbert gnp,0.891954,6
0.9,11,30,erdos renyi gilbert gnp,0.891954,6
0.9,12,30,erdos renyi gilbert gnp,0.891954,5
0.9,13,30,erdos renyi gilbert gnp,0.891954,6
0.9,14,30,erdos renyi gilbert gnp,0.891954,7
0.9,15,30,erdos renyi gilbert gnp,0.891954,7
0.9,16,30,erdos renyi gilbert gnp,0.891954,4
0.9,17,30,erdos renyi gilbert gnp,0.891954,5
0.9,18,30,erdos renyi gilbert gnp,0.891954,6
0.9,19,30,erdos renyi gilbert gnp,0.891954,5
0.9,20,30,erdos renyi gilbert gnp,0.891954,7
0.9,21,30,erdos renyi gilbert gnp,0.891954,5
0.9,22,30,erdos renyi gilbert gnp,0.891954,6
0.9,23,30,erdos renyi gilbert gnp,0.891954,8
0.9,24,30,erdos renyi gilbert gnp,0.891954,5
0.9,25,30,erdos renyi gilbert gnp,0.891954,6
0.9,26,30,erdos renyi gilbert gnp,0.891954,5
0.9,27,30,erdos renyi gilbert gnp,0.891954,9
0.9,28,30,erdos renyi gilbert gnp,0.891954,5
0.9,29,30,erdos renyi gilbert gnp,0.891954,5
0.9,30,30,erdos renyi gilbert gnp,0.891954,6
0.9,31,30,erdos renyi gilbert gnp,0.891954,5
0.9,32,30,erdos renyi gilbert gnp,0.891954,6
0.9,33,30,erdos renyi gilbert gnp,0.891954,6
0.9,34,30,erdos renyi gilbert gnp,0.891954,7
0.9,35,30,erdos renyi gilbert gnp,0.891954,5
0.9,36,30,erdos renyi gilbert gnp,0.891954,6
0.9,37,30,erdos renyi gilbert gnp,0.891954,6
0.9,38,30,erdos renyi gilbert gnp,0.891954,5
0.9,39,30,erdos renyi gilbert gnp,0.891954,7
0.9,40,30,erdos renyi gilbert gnp,0.891954,6
0.9,41,30,erdos renyi gilbert gnp,0.891954,7
0.9,42,30,erdos renyi gilbert gnp,0.891954,5
0.9,43,30,erdos renyi gilbert gnp,0.891954,7
0.9,44,30,erdos renyi gilbert gnp,0.891954,5
0.9,45,30,erdos renyi gilbert gnp,0.891954,7
0.9,46,30,erdos renyi gilbert gnp,0.891954,4
0.9,47,30,erdos renyi gilbert gnp,0.891954,6
0.9,48,30,erdos renyi gilbert gnp,0.891954,5
0.9,49,30,erdos renyi gilbert gnp,0.891954,10
0.9,0,30,erdos renyi gilbert gnp,0.898851,5
0.9,1,30,erdos renyi gilbert gnp,0.898851,6
0.9,2,30,erdos renyi gilbert gnp,0.898851,6
0.9,3,30,erdos renyi gilbert gnp,0.898851,5
0.9,4,30,erdos renyi gilbert gnp,0.898851,7
0.9,5,30,erdos renyi gilbert gnp,0.898851,6
0.9,6,30,erdos renyi gilbert gnp,0.898851,4
0.9,7,30,erdos renyi gilbert gnp,0.898851,6
0.9,8,30,erdos renyi gilbert gnp,0.898851,7
0.9,9,30,erdos renyi gilbert gnp,0.898851,5
0.9,10,30,erdos renyi gilbert gnp,0.898851,5
0.9,11,30,erdos renyi gilbert gnp,0.898851,7
0.9,12,30,erdos renyi gilbert gnp,0.898851,5
0.9,13,30,erdos renyi gilbert gnp,0.898851,6
0.9,14,30,erdos renyi gilbert gnp,0.898851,6
0.9,15,30,erdos renyi gilbert gnp,0.898851,5
0.9,16,30,erdos renyi gilbert gnp,0.898851,4
0.9,17,30,erdos renyi gilbert gnp,0.898851,6
0.9,18,30,erdos renyi gilbert gnp,0.898851,7
0.9,19,30,erdos renyi gilbert gnp,0.898851,5
0.9,20,30,erdos renyi gilbert gnp,0.898851,5
0.9,21,30,erdos renyi gilbert gnp,0.898851,5
0.9,22,30,erdos renyi gilbert gnp,0.898851,5
0.9,23,30,erdos renyi gilbert gnp,0.898851,6
0.9,24,30,erdos renyi gilbert gnp,0.898851,5
0.9,25,30,erdos renyi gilbert gnp,0.898851,7
0.9,26,30,erdos renyi gilbert gnp,0.898851,4
0.9,27,30,erdos renyi gilbert gnp,0.898851,7
0.9,28,30,erdos renyi gilbert gnp,0.898851,6
0.9,29,30,erdos renyi gilbert gnp,0.898851,5
0.9,30,30,erdos renyi gilbert gnp,0.898851,6
0.9,31,30,erdos renyi gilbert gnp,0.898851,6
0.9,32,30,erdos renyi gilbert gnp,0.898851,6
0.9,33,30,erdos renyi gilbert gnp,0.898851,5
0.9,34,30,erdos renyi gilbert gnp,0.898851,5
0.9,35,30,erdos renyi gilbert gnp,0.898851,6
0.9,36,30,erdos renyi gilbert gnp,0.898851,8
0.9,37,30,erdos renyi gilbert gnp,0.898851,5
0.9,38,30,erdos renyi gilbert gnp,0.898851,8
0.9,39,30,erdos renyi gilbert gnp,0.898851,5
0.9,40,30,erdos renyi gilbert gnp,0.898851,5
0.9,41,30,erdos renyi gilbert gnp,0.898851,8
0.9,42,30,erdos renyi gilbert gnp,0.898851,6
0.9,43,30,erdos renyi gilbert gnp,0.898851,5
0.9,44,30,erdos renyi gilbert gnp,0.898851,7
0.9,45,30,erdos renyi gilbert gnp,0.898851,6
0.9,46,30,erdos renyi gilbert gnp,0.898851,5
0.9,47,30,erdos renyi gilbert gnp,0.898851,5
0.9,48,30,erdos renyi gilbert gnp,0.898851,7
0.9,49,30,erdos renyi gilbert gnp,0.898851,6
0.9,0,30,erdos renyi gilbert gnp,0.926437,5
0.9,1,30,erdos renyi gilbert gnp,0.926437,4
0.9,2,30,erdos renyi gilbert gnp,0.926437,5
0.9,3,30,erdos renyi gilbert gnp,0.926437,5
0.9,4,30,erdos renyi gilbert gnp,0.926437,5
0.9,5,30,erdos renyi gilbert gnp,0.926437,5
0.9,6,30,erdos renyi gilbert gnp,0.926437,6
0.9,7,30,erdos renyi gilbert gnp,0.926437,5
0.9,8,30,erdos renyi gilbert gnp,0.926437,5
0.9,9,30,erdos renyi gilbert gnp,0.926437,6
0.9,10,30,erdos renyi gilbert gnp,0.926437,6
0.9,11,30,erdos renyi gilbert gnp,0.926437,6
0.9,12,30,erdos renyi gilbert gnp,0.926437,5
0.9,13,30,erdos renyi gilbert gnp,0.926437,5
0.9,14,30,erdos renyi gilbert gnp,0.926437,6
0.9,15,30,erdos renyi gilbert gnp,0.926437,6
0.9,16,30,erdos renyi gilbert gnp,0.926437,5
0.9,17,30,erdos renyi gilbert gnp,0.926437,6
0.9,18,30,erdos renyi gilbert gnp,0.926437,5
0.9,19,30,erdos renyi gilbert gnp,0.926437,5
0.9,20,30,erdos renyi gilbert gnp,0.926437,6
0.9,21,30,erdos renyi gilbert gnp,0.926437,8
0.9,22,30,erdos renyi gilbert gnp,0.926437,6
0.9,23,30,erdos renyi gilbert gnp,0.926437,5
0.9,24,30,erdos renyi gilbert gnp,0.926437,5
0.9,25,30,erdos renyi gilbert gnp,0.926437,5
0.9,26,30,erdos renyi gilbert gnp,0.926437,7
0.9,27,30,erdos renyi gilbert gnp,0.926437,5
0.9,28,30,erdos renyi gilbert gnp,0.926437,8
0.9,29,30,erdos renyi gilbert gnp,0.926437,6
0.9,30,30,erdos renyi gilbert gnp,0.926437,5
0.9,31,30,erdos renyi gilbert gnp,0.926437,7
0.9,32,30,erdos renyi gilbert gnp,0.926437,7
0.9,33,30,erdos renyi gilbert gnp,0.926437,5
0.9,34,30,erdos renyi gilbert gnp,0.926437,5
0.9,35,30,erdos renyi gilbert gnp,0.926437,5
0.9,36,30,erdos renyi gilbert gnp,0.926437,5
0.9,37,30,erdos renyi gilbert gnp,0.926437,7
0.9,38,30,erdos renyi gilbert gnp,0.926437,5
0.9,39,30,erdos renyi gilbert gnp,0.926437,6
0.9,40,30,erdos renyi gilbert gnp,0.926437,5
0.9,41,30,erdos renyi gilbert gnp,0.926437,5
0.9,42,30,erdos renyi gilbert gnp,0.926437,7
0.9,43,30,erdos renyi gilbert gnp,0.926437,6
0.9,44,30,erdos renyi gilbert gnp,0.926437,4
0.9,45,30,erdos renyi gilbert gnp,0.926437,5
0.9,46,30,erdos renyi gilbert gnp,0.926437,5
0.9,47,30,erdos renyi gilbert gnp,0.926437,6
0.9,48,30,erdos renyi gilbert gnp,0.926437,8
0.9,49,30,erdos renyi gilbert gnp,0.926437,5
0.9,0,30,erdos renyi gilbert gnp,0.885057,6
0.9,1,30,erdos renyi gilbert gnp,0.885057,7
0.9,2,30,erdos renyi gilbert gnp,0.885057,5
0.9,3,30,erdos renyi gilbert gnp,0.885057,6
0.9,4,30,erdos renyi gilbert gnp,0.885057,6
0.9,5,30,erdos renyi gilbert gnp,0.885057,5
0.9,6,30,erdos renyi gilbert gnp,0.885057,6
0.9,7,30,erdos renyi gilbert gnp,0.885057,5
0.9,8,30,erdos renyi gilbert gnp,0.885057,5
0.9,9,30,erdos renyi gilbert gnp,0.885057,5
0.9,10,30,erdos renyi gilbert gnp,0.885057,5
0.9,11,30,erdos renyi gilbert gnp,0.885057,7
0.9,12,30,erdos renyi gilbert gnp,0.885057,9
0.9,13,30,erdos renyi gilbert gnp,0.885057,7
0.9,14,30,erdos renyi gilbert gnp,0.885057,5
0.9,15,30,erdos renyi gilbert gnp,0.885057,6
0.9,16,30,erdos renyi gilbert gnp,0.885057,6
0.9,17,30,erdos renyi gilbert gnp,0.885057,7
0.9,18,30,erdos renyi gilbert gnp,0.885057,5
0.9,19,30,erdos renyi gilbert gnp,0.885057,6
0.9,20,30,erdos renyi gilbert gnp,0.885057,6
0.9,21,30,erdos renyi gilbert gnp,0.885057,5
0.9,22,30,erdos renyi gilbert gnp,0.885057,6
0.9,23,30,erdos renyi gilbert gnp,0.885057,5
0.9,24,30,erdos renyi gilbert gnp,0.885057,6
0.9,25,30,erdos renyi gilbert gnp,0.885057,7
0.9,26,30,erdos renyi gilbert gnp,0.885057,6
0.9,27,30,erdos renyi gilbert gnp,0.885057,7
0.9,28,30,erdos renyi gilbert gnp,0.885057,5
0.9,29,30,erdos renyi gilbert gnp,0.885057,5
0.9,30,30,erdos renyi gilbert gnp,0.885057,6
0.9,31,30,erdos renyi gilbert gnp,0.885057,6
0.9,32,30,erdos renyi gilbert gnp,0.885057,5
0.9,33,30,erdos renyi gilbert gnp,0.885057,7
0.9,34,30,erdos renyi gilbert gnp,0.885057,5
0.9,35,30,erdos renyi gilbert gnp,0.885057,6
0.9,36,30,erdos renyi gilbert gnp,0.885057,5
0.9,37,30,erdos renyi gilbert gnp,0.885057,6
0.9,38,30,erdos renyi gilbert gnp,0.885057,5
0.9,39,30,erdos renyi gilbert gnp,0.885057,6
0.9,40,30,erdos renyi gilbert gnp,0.885057,5
0.9,41,30,erdos renyi gilbert gnp,0.885057,7
0.9,42,30,erdos renyi gilbert gnp,0.885057,6
0.9,43,30,erdos renyi gilbert gnp,0.885057,6
0.9,44,30,erdos renyi gilbert gnp,0.885057,6
0.9,45,30,erdos renyi gilbert gnp,0.885057,5
0.9,46,30,erdos renyi gilbert gnp,0.885057,4
0.9,47,30,erdos renyi gilbert gnp,0.885057,6
0.9,48,30,erdos renyi gilbert gnp,0.885057,8
0.9,49,30,erdos renyi gilbert gnp,0.885057,7
0.9,0,30,erdos renyi gilbert gnp,0.908046,5
0.9,1,30,erdos renyi gilbert gnp,0.908046,6
0.9,2,30,erdos renyi gilbert gnp,0.908046,8
0.9,3,30,erdos renyi gilbert gnp,0.908046,6
0.9,4,30,erdos renyi gilbert gnp,0.908046,5
0.9,5,30,erdos renyi gilbert gnp,0.908046,6
0.9,6,30,erdos renyi gilbert gnp,0.908046,8
0.9,7,30,erdos renyi gilbert gnp,0.908046,4
0.9,8,30,erdos renyi gilbert gnp,0.908046,5
0.9,9,30,erdos renyi gilbert gnp,0.908046,7
0.9,10,30,erdos renyi gilbert gnp,0.908046,6
0.9,11,30,erdos renyi gilbert gnp,0.908046,6
0.9,12,30,erdos renyi gilbert gnp,0.908046,8
0.9,13,30,erdos renyi gilbert gnp,0.908046,6
0.9,14,30,erdos renyi gilbert gnp,0.908046,5
0.9,15,30,erdos renyi gilbert gnp,0.908046,6
0.9,16,30,erdos renyi gilbert gnp,0.908046,9
0.9,17,30,erdos renyi gilbert gnp,0.908046,7
0.9,18,30,erdos renyi gilbert gnp,0.908046,7
0.9,19,30,erdos renyi gilbert gnp,0.908046,6
0.9,20,30,erdos renyi gilbert gnp,0.908046,5
0.9,21,30,erdos renyi gilbert gnp,0.908046,6
0.9,22,30,erdos renyi gilbert gnp,0.908046,6
0.9,23,30,erdos renyi gilbert gnp,0.908046,5
0.9,24,30,erdos renyi gilbert gnp,0.908046,6
0.9,25,30,erdos renyi gilbert gnp,0.908046,5
0.9,26,30,erdos renyi gilbert gnp,0.908046,5
0.9,27,30,erdos renyi gilbert gnp,0.908046,6
0.9,28,30,erdos renyi gilbert gnp,0.908046,6
0.9,29,30,erdos renyi gilbert gnp,0.908046,6
0.9,30,30,erdos renyi gilbert gnp,0.908046,6
0.9,31,30,erdos renyi gilbert gnp,0.908046,6
0.9,32,30,erdos renyi gilbert gnp,0.908046,5
0.9,33,30,erdos renyi gilbert gnp,0.908046,6
0.9,34,30,erdos renyi gilbert gnp,0.908046,5
0.9,35,30,erdos renyi gilbert gnp,0.908046,6
0.9,36,30,erdos renyi gilbert gnp,0.908046,8
0.9,37,30,erdos renyi gilbert gnp,0.908046,6
0.9,38,30,erdos renyi gilbert gnp,0.908046,5
0.9,39,30,erdos renyi gilbert gnp,0.908046,6
0.9,40,30,erdos renyi gilbert gnp,0.908046,7
0.9,41,30,erdos renyi gilbert gnp,0.908046,7
0.9,42,30,erdos renyi gilbert gnp,0.908046,6
0.9,43,30,erdos renyi gilbert gnp,0.908046,5
0.9,44,30,erdos renyi gilbert gnp,0.908046,5
0.9,45,30,erdos renyi gilbert gnp,0.908046,5
0.9,46,30,erdos renyi gilbert gnp,0.908046,6
0.9,47,30,erdos renyi gilbert gnp,0.908046,6
0.9,48,30,erdos renyi gilbert gnp,0.908046,8
0.9,49,30,erdos renyi gilbert gnp,0.908046,5
0.9,0,30,erdos renyi gilbert gnp,0.898851,6
0.9,1,30,erdos renyi gilbert gnp,0.898851,5
0.9,2,30,erdos renyi gilbert gnp,0.898851,5
0.9,3,30,erdos renyi gilbert gnp,0.898851,9
0.9,4,30,erdos renyi gilbert gnp,0.898851,5
0.9,5,30,erdos renyi gilbert gnp,0.898851,5
0.9,6,30,erdos renyi gilbert gnp,0.898851,7
0.9,7,30,erdos renyi gilbert gnp,0.898851,5
0.9,8,30,erdos renyi gilbert gnp,0.898851,4
0.9,9,30,erdos renyi gilbert gnp,0.898851,5
0.9,10,30,erdos renyi gilbert gnp,0.898851,6
0.9,11,30,erdos renyi gilbert gnp,0.898851,5
0.9,12,30,erdos renyi gilbert gnp,0.898851,5
0.9,13,30,erdos renyi gilbert gnp,0.898851,6
0.9,14,30,erdos renyi gilbert gnp,0.898851,5
0.9,15,30,erdos renyi gilbert gnp,0.898851,7
0.9,16,30,erdos renyi gilbert gnp,0.898851,7
0.9,17,30,erdos renyi gilbert gnp,0.898851,5
0.9,18,30,erdos renyi gilbert gnp,0.898851,6
0.9,19,30,erdos renyi gilbert gnp,0.898851,4
0.9,20,30,erdos renyi gilbert gnp,0.898851,6
0.9,21,30,erdos renyi gilbert gnp,0.898851,7
0.9,22,30,erdos renyi gilbert gnp,0.898851,5
0.9,23,30,erdos renyi gilbert gnp,0.898851,7
0.9,24,30,erdos renyi gilbert gnp,0.898851,6
0.9,25,30,erdos renyi gilbert gnp,0.898851,4
0.9,26,30,erdos renyi gilbert gnp,0.898851,6
0.9,27,30,erdos renyi gilbert gnp,0.898851,6
0.9,28,30,erdos renyi gilbert gnp,0.898851,7
0.9,29,30,erdos renyi gilbert gnp,0.898851,6
0.9,30,30,erdos renyi gilbert gnp,0.898851,6
0.9,31,30,erdos renyi gilbert gnp,0.898851,4
0.9,32,30,erdos renyi gilbert gnp,0.898851,5
0.9,33,30,erdos renyi gilbert gnp,0.898851,4
0.9,34,30,erdos renyi gilbert gnp,0.898851,5
0.9,35,30,erdos renyi gilbert gnp,0.898851,7
0.9,36,30,erdos renyi gilbert gnp,0.898851,4
0.9,37,30,erdos renyi gilbert gnp,0.898851,7
0.9,38,30,erdos renyi gilbert gnp,0.898851,5
0.9,39,30,erdos renyi gilbert gnp,0.898851,4
0.9,40,30,erdos renyi gilbert gnp,0.898851,7
0.9,41,30,erdos renyi gilbert gnp,0.898851,6
0.9,42,30,erdos renyi gilbert gnp,0.898851,6
0.9,43,30,erdos renyi gilbert gnp,0.898851,6
0.9,44,30,erdos renyi gilbert gnp,0.898851,5
0.9,45,30,erdos renyi gilbert gnp,0.898851,5
0.9,46,30,erdos renyi gilbert gnp,0.898851,6
0.9,47,30,erdos renyi gilbert gnp,0.898851,5
0.9,48,30,erdos renyi gilbert gnp,0.898851,8
0.9,49,30,erdos renyi gilbert gnp,0.898851,6
0.9,0,30,erdos renyi gilbert gnp,0.898851,6
0.9,1,30,erdos renyi gilbert gnp,0.898851,5
0.9,2,30,erdos renyi gilbert gnp,0.898851,5
0.9,3,30,erdos renyi gilbert gnp,0.898851,5
0.9,4,30,erdos renyi gilbert gnp,0.898851,6
0.9,5,30,erdos renyi gilbert gnp,0.898851,7
0.9,6,30,erdos renyi gilbert gnp,0.898851,5
0.9,7,30,erdos renyi gilbert gnp,0.898851,7
0.9,8,30,erdos renyi gilbert gnp,0.898851,5
0.9,9,30,erdos renyi gilbert gnp,0.898851,6
0.9,10,30,erdos renyi gilbert gnp,0.898851,6
0.9,11,30,erdos renyi gilbert gnp,0.898851,8
0.9,12,30,erdos renyi gilbert gnp,0.898851,5
0.9,13,30,erdos renyi gilbert gnp,0.898851,7
0.9,14,30,erdos renyi gilbert gnp,0.898851,7
0.9,15,30,erdos renyi gilbert gnp,0.898851,6
0.9,16,30,erdos renyi gilbert gnp,0.898851,7
0.9,17,30,erdos renyi gilbert gnp,0.898851,7
0.9,18,30,erdos renyi gilbert gnp,0.898851,6
0.9,19,30,erdos renyi gilbert gnp,0.898851,6
0.9,20,30,erdos renyi gilbert gnp,0.898851,6
0.9,21,30,erdos renyi gilbert gnp,0.898851,5
0.9,22,30,erdos renyi gilbert gnp,0.898851,7
0.9,23,30,erdos renyi gilbert gnp,0.898851,6
0.9,24,30,erdos renyi gilbert gnp,0.898851,9
0.9,25,30,erdos renyi gilbert gnp,0.898851,8
0.9,26,30,erdos renyi gilbert gnp,0.898851,6
0.9,27,30,erdos renyi gilbert gnp,0.898851,5
0.9,28,30,erdos renyi gilbert gnp,0.898851,5
0.9,29,30,erdos renyi gilbert gnp,0.898851,4
0.9,30,30,erdos renyi gilbert gnp,0.898851,6
0.9,31,30,erdos renyi gilbert gnp,0.898851,8
0.9,32,30,erdos renyi gilbert gnp,0.898851,7
0.9,33,30,erdos renyi gilbert gnp,0.898851,4
0.9,34,30,erdos renyi gilbert gnp,0.898851,4
0.9,35,30,erdos renyi gilbert gnp,0.898851,5
0.9,36,30,erdos renyi gilbert gnp,0.898851,6
0.9,37,30,erdos renyi gilbert gnp,0.898851,7
0.9,38,30,erdos renyi gilbert gnp,0.898851,5
0.9,39,30,erdos renyi gilbert gnp,0.898851,5
0.9,40,30,erdos renyi gilbert gnp,0.898851,5
0.9,41,30,erdos renyi gilbert gnp,0.898851,6
0.9,42,30,erdos renyi gilbert gnp,0.898851,6
0.9,43,30,erdos renyi gilbert gnp,0.898851,6
0.9,44,30,erdos renyi gilbert gnp,0.898851,5
0.9,45,30,erdos renyi gilbert gnp,0.898851,7
0.9,46,30,erdos renyi gilbert gnp,0.898851,6
0.9,47,30,erdos renyi gilbert gnp,0.898851,7
0.9,48,30,erdos renyi gilbert gnp,0.898851,7
0.9,49,30,erdos renyi gilbert gnp,0.898851,7
0.9,0,30,erdos renyi gilbert gnp,0.887356,6
0.9,1,30,erdos renyi gilbert gnp,0.887356,5
0.9,2,30,erdos renyi gilbert gnp,0.887356,5
0.9,3,30,erdos renyi gilbert gnp,0.887356,8
0.9,4,30,erdos renyi gilbert gnp,0.887356,6
0.9,5,30,erdos renyi gilbert gnp,0.887356,5
0.9,6,30,erdos renyi gilbert gnp,0.887356,6
0.9,7,30,erdos renyi gilbert gnp,0.887356,6
0.9,8,30,erdos renyi gilbert gnp,0.887356,6
0.9,9,30,erdos renyi gilbert gnp,0.887356,8
0.9,10,30,erdos renyi gilbert gnp,0.887356,8
0.9,11,30,erdos renyi gilbert gnp,0.887356,6
0.9,12,30,erdos renyi gilbert gnp,0.887356,7
0.9,13,30,erdos renyi gilbert gnp,0.887356,5
0.9,14,30,erdos renyi gilbert gnp,0.887356,7
0.9,15,30,erdos renyi gilbert gnp,0.887356,6
0.9,16,30,erdos renyi gilbert gnp,0.887356,6
0.9,17,30,erdos renyi gilbert gnp,0.887356,6
0.9,18,30,erdos renyi gilbert gnp,0.887356,5
0.9,19,30,erdos renyi gilbert gnp,0.887356,7
0.9,20,30,erdos renyi gilbert gnp,0.887356,8
0.9,21,30,erdos renyi gilbert gnp,0.887356,5
0.9,22,30,erdos renyi gilbert gnp,0.887356,7
0.9,23,30,erdos renyi gilbert gnp,0.887356,5
0.9,24,30,erdos renyi gilbert gnp,0.887356,5
0.9,25,30,erdos renyi gilbert gnp,0.887356,6
0.9,26,30,erdos renyi gilbert gnp,0.887356,7
0.9,27,30,erdos renyi gilbert gnp,0.887356,5
0.9,28,30,erdos renyi gilbert gnp,0.887356,5
0.9,29,30,erdos renyi gilbert gnp,0.887356,6
0.9,30,30,erdos renyi gilbert gnp,0.887356,5
0.9,31,30,erdos renyi gilbert gnp,0.887356,6
0.9,32,30,erdos renyi gilbert gnp,0.887356,5
0.9,33,30,erdos renyi gilbert gnp,0.887356,5
0.9,34,30,erdos renyi gilbert gnp,0.887356,4
0.9,35,30,erdos renyi gilbert gnp,0.887356,5
0.9,36,30,erdos renyi gilbert gnp,0.887356,5
0.9,37,30,erdos renyi gilbert gnp,0.887356,6
0.9,38,30,erdos renyi gilbert gnp,0.887356,7
0.9,39,30,erdos renyi gilbert gnp,0.887356,6
0.9,40,30,erdos renyi gilbert gnp,0.887356,6
0.9,41,30,erdos renyi gilbert gnp,0.887356,6
0.9,42,30,erdos renyi gilbert gnp,0.887356,6
0.9,43,30,erdos renyi gilbert gnp,0.887356,5
0.9,44,30,erdos renyi gilbert gnp,0.887356,8
0.9,45,30,erdos renyi gilbert gnp,0.887356,6
0.9,46,30,erdos renyi gilbert gnp,0.887356,7
0.9,47,30,erdos renyi gilbert gnp,0.887356,6
0.9,48,30,erdos renyi gilbert gnp,0.887356,6
0.9,49,30,erdos renyi gilbert gnp,0.887356,8
0.9,0,30,erdos renyi gilbert gnp,0.931034,4
0.9,1,30,erdos renyi gilbert gnp,0.931034,6
0.9,2,30,erdos renyi gilbert gnp,0.931034,5
0.9,3,30,erdos renyi gilbert gnp,0.931034,6
0.9,4,30,erdos renyi gilbert gnp,0.931034,6
0.9,5,30,erdos renyi gilbert gnp,0.931034,5
0.9,6,30,erdos renyi gilbert gnp,0.931034,4
0.9,7,30,erdos renyi gilbert gnp,0.931034,6
0.9,8,30,erdos renyi gilbert gnp,0.931034,6
0.9,9,30,erdos renyi gilbert gnp,0.931034,6
0.9,10,30,erdos renyi gilbert gnp,0.931034,6
0.9,11,30,erdos renyi gilbert gnp,0.931034,7
0.9,12,30,erdos renyi gilbert gnp,0.931034,5
0.9,13,30,erdos renyi gilbert gnp,0.931034,9
0.9,14,30,erdos renyi gilbert gnp,0.931034,8
0.9,15,30,erdos renyi gilbert gnp,0.931034,5
0.9,16,30,erdos renyi gilbert gnp,0.931034,5
0.9,17,30,erdos renyi gilbert gnp,0.931034,6
0.9,18,30,erdos renyi gilbert gnp,0.931034,6
0.9,19,30,erdos renyi gilbert gnp,0.931034,6
0.9,20,30,erdos renyi gilbert gnp,0.931034,8
0.9,21,30,erdos renyi gilbert gnp,0.931034,6
0.9,22,30,erdos renyi gilbert gnp,0.931034,6
0.9,23,30,erdos renyi gilbert gnp,0.931034,6
0.9,24,30,erdos renyi gilbert gnp,0.931034,7
0.9,25,30,erdos renyi gilbert gnp,0.931034,6
0.9,26,30,erdos renyi gilbert gnp,0.931034,5
0.9,27,30,erdos renyi gilbert gnp,0.931034,5
0.9,28,30,erdos renyi gilbert gnp,0.931034,6
0.9,29,30,erdos renyi gilbert gnp,0.931034,6
0.9,30,30,erdos renyi gilbert gnp,0.931034,6
0.9,31,30,erdos renyi gilbert gnp,0.931034,5
0.9,32,30,erdos renyi gilbert gnp,0.931034,6
0.9,33,30,erdos renyi gilbert gnp,0.931034,6
0.9,34,30,erdos renyi gilbert gnp,0.931034,7
0.9,35,30,erdos renyi gilbert gnp,0.931034,5
0.9,36,30,erdos renyi gilbert gnp,0.931034,5
0.9,37,30,erdos renyi gilbert gnp,0.931034,6
0.9,38,30,erdos renyi gilbert gnp,0.931034,7
0.9,39,30,erdos renyi gilbert gnp,0.931034,7
0.9,40,30,erdos renyi gilbert gnp,0.931034,7
0.9,41,30,erdos renyi gilbert gnp,0.931034,6
0.9,42,30,erdos renyi gilbert gnp,0.931034,5
0.9,43,30,erdos renyi gilbert gnp,0.931034,6
0.9,44,30,erdos renyi gilbert gnp,0.931034,5
0.9,45,30,erdos renyi gilbert gnp,0.931034,5
0.9,46,30,erdos renyi gilbert gnp,0.931034,7
0.9,47,30,erdos renyi gilbert gnp,0.931034,6
0.9,48,30,erdos renyi gilbert gnp,0.931034,6
0.9,49,30,erdos renyi gilbert gnp,0.931034,6
0.9,0,30,erdos renyi gilbert gnp,0.910345,6
0.9,1,30,erdos renyi gilbert gnp,0.910345,6
0.9,2,30,erdos renyi gilbert gnp,0.910345,6
0.9,3,30,erdos renyi gilbert gnp,0.910345,6
0.9,4,30,erdos renyi gilbert gnp,0.910345,6
0.9,5,30,erdos renyi gilbert gnp,0.910345,5
0.9,6,30,erdos renyi gilbert gnp,0.910345,7
0.9,7,30,erdos renyi gilbert gnp,0.910345,7
0.9,8,30,erdos renyi gilbert gnp,0.910345,6
0.9,9,30,erdos renyi gilbert gnp,0.910345,6
0.9,10,30,erdos renyi gilbert gnp,0.910345,6
0.9,11,30,erdos renyi gilbert gnp,0.910345,5
0.9,12,30,erdos renyi gilbert gnp,0.910345,5
0.9,13,30,erdos renyi gilbert gnp,0.910345,5
0.9,14,30,erdos renyi gilbert gnp,0.910345,7
0.9,15,30,erdos renyi gilbert gnp,0.910345,6
0.9,16,30,erdos renyi gilbert gnp,0.910345,5
0.9,17,30,erdos renyi gilbert gnp,0.910345,4
0.9,18,30,erdos renyi gilbert gnp,0.910345,6
0.9,19,30,erdos renyi gilbert gnp,0.910345,6
0.9,20,30,erdos renyi gilbert gnp,0.910345,7
0.9,21,30,erdos renyi gilbert gnp,0.910345,5
0.9,22,30,erdos renyi gilbert gnp,0.910345,5
0.9,23,30,erdos renyi gilbert gnp,0.910345,6
0.9,24,30,erdos renyi gilbert gnp,0.910345,5
0.9,25,30,erdos renyi gilbert gnp,0.910345,6
0.9,26,30,erdos renyi gilbert gnp,0.910345,6
0.9,27,30,erdos renyi gilbert gnp,0.910345,6
0.9,28,30,erdos renyi gilbert gnp,0.910345,5
0.9,29,30,erdos renyi gilbert gnp,0.910345,5
0.9,30,30,erdos renyi gilbert gnp,0.910345,5
0.9,31,30,erdos renyi gilbert gnp,0.910345,6
0.9,32,30,erdos renyi gilbert gnp,0.910345,6
0.9,33,30,erdos renyi gilbert gnp,0.910345,5
0.9,34,30,erdos renyi gilbert gnp,0.910345,6
0.9,35,30,erdos renyi gilbert gnp,0.910345,8
0.9,36,30,erdos renyi gilbert gnp,0.910345,6
0.9,37,30,erdos renyi gilbert gnp,0.910345,7
0.9,38,30,erdos renyi gilbert gnp,0.910345,6
0.9,39,30,erdos renyi gilbert gnp,0.910345,5
0.9,40,30,erdos renyi gilbert gnp,0.910345,7
0.9,41,30,erdos renyi gilbert gnp,0.910345,6
0.9,42,30,erdos renyi gilbert gnp,0.910345,7
0.9,43,30,erdos renyi gilbert gnp,0.910345,5
0.9,44,30,erdos renyi gilbert gnp,0.910345,6
0.9,45,30,erdos renyi gilbert gnp,0.910345,6
0.9,46,30,erdos renyi gilbert gnp,0.910345,6
0.9,47,30,erdos renyi gilbert gnp,0.910345,8
0.9,48,30,erdos renyi gilbert gnp,0.910345,5
0.9,49,30,erdos renyi gilbert gnp,0.910345,6
0.1,0,30,erdos renyi gilbert gnp,0.110345,21
0.1,1,30,erdos renyi gilbert gnp,0.110345,19
0.1,2,30,erdos renyi gilbert gnp,0.110345,21
0.1,3,30,erdos renyi gilbert gnp,0.110345,22
0.1,4,30,erdos renyi gilbert gnp,0.110345,30
0.1,5,30,erdos renyi gilbert gnp,0.110345,15
0.1,6,30,erdos renyi gilbert gnp,0.110345,25
0.1,7,30,erdos renyi gilbert gnp,0.110345,13
0.1,8,30,erdos renyi gilbert gnp,0.110345,15
0.1,9,30,erdos renyi gilbert gnp,0.110345,23
0.1,10,30,erdos renyi gilbert gnp,0.110345,17
0.1,11,30,erdos renyi gilbert gnp,0.110345,20
0.1,12,30,erdos renyi gilbert gnp,0.110345,23
0.1,13,30,erdos renyi gilbert gnp,0.110345,16
0.1,14,30,erdos renyi gilbert gnp,0.110345,19
0.1,15,30,erdos renyi gilbert gnp,0.110345,20
0.1,16,30,erdos renyi gilbert gnp,0.110345,15
0.1,17,30,erdos renyi gilbert gnp,0.110345,23
0.1,18,30,erdos renyi gilbert gnp,0.110345,25
0.1,19,30,erdos renyi gilbert gnp,0.110345,22
0.1,20,30,erdos renyi gilbert gnp,0.110345,23
0.1,21,30,erdos renyi gilbert gnp,0.110345,30
0.1,22,30,erdos renyi gilbert gnp,0.110345,14
0.1,23,30,erdos renyi gilbert gnp,0.110345,16
0.1,24,30,erdos renyi gilbert gnp,0.110345,25
0.1,25,30,erdos renyi gilbert gnp,0.110345,18
0.1,26,30,erdos renyi gilbert gnp,0.110345,13
0.1,27,30,erdos renyi gilbert gnp,0.110345,25
0.1,28,30,erdos renyi gilbert gnp,0.110345,17
0.1,29,30,erdos renyi gilbert gnp,0.110345,22
0.1,30,30,erdos renyi gilbert gnp,0.110345,16
0.1,31,30,erdos renyi gilbert gnp,0.110345,18
0.1,32,30,erdos renyi gilbert gnp,0.110345,24
0.1,33,30,erdos renyi gilbert gnp,0.110345,16
0.1,34,30,erdos renyi gilbert gnp,0.110345,13
0.1,35,30,erdos renyi gilbert gnp,0.110345,14
0.1,36,30,erdos renyi gilbert gnp,0.110345,18
0.1,37,30,erdos renyi gilbert gnp,0.110345,23
0.1,38,30,erdos renyi gilbert gnp,0.110345,18
0.1,39,30,erdos renyi gilbert gnp,0.110345,17
0.1,40,30,erdos renyi gilbert gnp,0.110345,17
0.1,41,30,erdos renyi gilbert gnp,0.110345,19
0.1,42,30,erdos renyi gilbert gnp,0.110345,17
0.1,43,30,erdos renyi gilbert gnp,0.110345,19
0.1,44,30,erdos renyi gilbert gnp,0.110345,16
0.1,45,30,erdos renyi gilbert gnp,0.110345,17
0.1,46,30,erdos renyi gilbert gnp,0.110345,16
0.1,47,30,erdos renyi gilbert gnp,0.110345,19
0.1,48,30,erdos renyi gilbert gnp,0.110345,21
0.1,49,30,erdos renyi gilbert gnp,0.110345,31
0.1,0,30,erdos renyi gilbert gnp,0.110345,34
0.1,1,30,erdos renyi gilbert gnp,0.110345,22
0.1,2,30,erdos renyi gilbert gnp,0.110345,27
0.1,3,30,erdos renyi gilbert gnp,0.110345,29
0.1,4,30,erdos renyi gilbert gnp,0.110345,23
0.1,5,30,erdos renyi gilbert gnp,0.110345,18
0.1,6,30,erdos renyi gilbert gnp,0.110345,28
0.1,7,30,erdos renyi gilbert gnp,0.110345,22
0.1,8,30,erdos renyi gilbert gnp,0.110345,18
0.1,9,30,erdos renyi gilbert gnp,0.110345,22
0.1,10,30,erdos renyi gilbert gnp,0.110345,26
0.1,11,30,erdos renyi gilbert gnp,0.110345,25
0.1,12,30,erdos renyi gilbert gnp,0.110345,15
0.1,13,30,erdos renyi gilbert gnp,0.110345,28
0.1,14,30,erdos renyi gilbert gnp,0.110345,18
0.1,15,30,erdos renyi gilbert gnp,0.110345,14
0.1,16,30,erdos renyi gilbert gnp,0.110345,19
0.1,17,30,erdos renyi gilbert gnp,0.110345,19
0.1,18,30,erdos renyi gilbert gnp,0.110345,18
0.1,19,30,erdos renyi gilbert gnp,0.110345,22
0.1,20,30,erdos renyi gilbert gnp,0.110345,26
0.1,21,30,erdos renyi gilbert gnp,0.110345,23
0.1,22,30,erdos renyi gilbert gnp,0.110345,27
0.1,23,30,erdos renyi gilbert gnp,0.110345,17
0.1,24,30,erdos renyi gilbert gnp,0.110345,18
0.1,25,30,erdos renyi gilbert gnp,0.110345,18
0.1,26,30,erdos renyi gilbert gnp,0.110345,27
0.1,27,30,erdos renyi gilbert gnp,0.110345,25
0.1,28,30,erdos renyi gilbert gnp,0.110345,20
0.1,29,30,erdos renyi gilbert gnp,0.110345,21
0.1,30,30,erdos renyi gilbert gnp,0.110345,21
0.1,31,30,erdos renyi gilbert gnp,0.110345,12
0.1,32,30,erdos renyi gilbert gnp,0.110345,20
0.1,33,30,erdos renyi gilbert gnp,0.110345,17
0.1,34,30,erdos renyi gilbert gnp,0.110345,19
0.1,35,30,erdos renyi gilbert gnp,0.110345,24
0.1,36,30,erdos renyi gilbert gnp,0.110345,25
0.1,37,30,erdos renyi gilbert gnp,0.110345,24
0.1,38,30,erdos renyi gilbert gnp,0.110345,22
0.1,39,30,erdos renyi gilbert gnp,0.110345,17
0.1,40,30,erdos renyi gilbert gnp,0.110345,19
0.1,41,30,erdos renyi gilbert gnp,0.110345,11
0.1,42,30,erdos renyi gilbert gnp,0.110345,42
0.1,43,30,erdos renyi gilbert gnp,0.110345,26
0.1,44,30,erdos renyi gilbert gnp,0.110345,16
0.1,45,30,erdos renyi gilbert gnp,0.110345,16
0.1,46,30,erdos renyi gilbert gnp,0.110345,27
0.1,47,30,erdos renyi gilbert gnp,0.110345,16
0.1,48,30,erdos renyi gilbert gnp,0.110345,31
0.1,49,30,erdos renyi gilbert gnp,0.110345,19
0.1,0,30,erdos renyi gilbert gnp,0.096552,27
0.1,1,30,erdos renyi gilbert gnp,0.096552,41
0.1,2,30,erdos renyi gilbert gnp,0.096552,33
0.1,3,30,erdos renyi gilbert gnp,0.096552,22
0.1,4,30,erdos renyi gilbert gnp,0.096552,25
0.1,5,30,erdos renyi gilbert gnp,0.096552,29
0.1,6,30,erdos renyi gilbert gnp,0.096552,19
0.1,7,30,erdos renyi gilbert gnp,0.096552,31
0.1,8,30,erdos renyi gilbert gnp,0.096552,24
0.1,9,30,erdos renyi gilbert gnp,0.096552,17
0.1,10,30,erdos renyi gilbert gnp,0.096552,21
0.1,11,30,erdos renyi gilbert gnp,0.096552,22
0.1,12,30,erdos renyi gilbert gnp,0.096552,16
0.1,13,30,erdos renyi gilbert gnp,0.096552,26
0.1,14,30,erdos renyi gilbert gnp,0.096552,19
0.1,15,30,erdos renyi gilbert gnp,0.096552,29
0.1,16,30,erdos renyi gilbert gnp,0.096552,21
0.1,17,30,erdos renyi gilbert gnp,0.096552,21
0.1,18,30,erdos renyi gilbert gnp,0.096552,21
0.1,19,30,erdos renyi gilbert gnp,0.096552,20
0.1,20,30,erdos renyi gilbert gnp,0.096552,20
0.1,21,30,erdos renyi gilbert gnp,0.096552,27
0.1,22,30,erdos renyi gilbert gnp,0.096552,30
0.1,23,30,erdos renyi gilbert gnp,0.096552,13
0.1,24,30,erdos renyi gilbert gnp,0.096552,46
0.1,25,30,erdos renyi gilbert gnp,0.096552,22
0.1,26,30,erdos renyi gilbert gnp,0.096552,23
0.1,27,30,erdos renyi gilbert gnp,0.096552,32
0.1,28,30,erdos renyi gilbert gnp,0.096552,37
0.1,29,30,erdos renyi gilbert gnp,0.096552,22
0.1,30,30,erdos renyi gilbert gnp,0.096552,32
0.1,31,30,erdos renyi gilbert gnp,0.096552,11
0.1,32,30,erdos renyi gilbert gnp,0.096552,29
0.1,33,30,erdos renyi gilbert gnp,0.096552,30
0.1,34,30,erdos renyi gilbert gnp,0.096552,20
0.1,35,30,erdos renyi gilbert gnp,0.096552,19
0.1,36,30,erdos renyi gilbert gnp,0.096552,11
0.1,37,30,erdos renyi gilbert gnp,0.096552,21
0.1,38,30,erdos renyi gilbert gnp,0.096552,31
0.1,39,30,erdos renyi gilbert gnp,0.096552,23
0.1,40,30,erdos renyi gilbert gnp,0.096552,22
0.1,41,30,erdos renyi gilbert gnp,0.096552,27
0.1,42,30,erdos renyi gilbert gnp,0.096552,17
0.1,43,30,erdos renyi gilbert gnp,0.096552,26
0.1,44,30,erdos renyi gilbert gnp,0.096552,18
0.1,45,30,erdos renyi gilbert gnp,0.096552,22
0.1,46,30,erdos renyi gilbert gnp,0.096552,31
0.1,47,30,erdos renyi gilbert gnp,0.096552,19
0.1,48,30,erdos renyi gilbert gnp,0.096552,18
0.1,49,30,erdos renyi gilbert gnp,0.096552,18
0.1,0,30,erdos renyi gilbert gnp,0.103448,20
0.1,1,30,erdos renyi gilbert gnp,0.103448,21
0.1,2,30,erdos renyi gilbert gnp,0.103448,26
0.1,3,30,erdos renyi gilbert gnp,0.103448,21
0.1,4,30,erdos renyi gilbert gnp,0.103448,22
0.1,5,30,erdos renyi gilbert gnp,0.103448,12
0.1,6,30,erdos renyi gilbert gnp,0.103448,17
0.1,7,30,erdos renyi gilbert gnp,0.103448,23
0.1,8,30,erdos renyi gilbert gnp,0.103448,13
0.1,9,30,erdos renyi gilbert gnp,0.103448,23
0.1,10,30,erdos renyi gilbert gnp,0.103448,32
0.1,11,30,erdos renyi gilbert gnp,0.103448,20
0.1,12,30,erdos renyi gilbert gnp,0.103448,14
0.1,13,30,erdos renyi gilbert gnp,0.103448,28
0.1,14,30,erdos renyi gilbert gnp,0.103448,13
0.1,15,30,erdos renyi gilbert gnp,0.103448,36
0.1,16,30,erdos renyi gilbert gnp,0.103448,18
0.1,17,30,erdos renyi gilbert gnp,0.103448,24
0.1,18,30,erdos renyi gilbert gnp,0.103448,28
0.1,19,30,erdos renyi gilbert gnp,0.103448,38
0.1,20,30,erdos renyi gilbert gnp,0.103448,31
0.1,21,30,erdos renyi gilbert gnp,0.103448,20
0.1,22,30,erdos renyi gilbert gnp,0.103448,11
0.1,23,30,erdos renyi gilbert gnp,0.103448,28
0.1,24,30,erdos renyi gilbert gnp,0.103448,27
0.1,25,30,erdos renyi gilbert gnp,0.103448,24
0.1,26,30,erdos renyi gilbert gnp,0.103448,28
0.1,27,30,erdos renyi gilbert gnp,0.103448,15
0.1,28,30,erdos renyi gilbert gnp,0.103448,18
0.1,29,30,erdos renyi gilbert gnp,0.103448,19
0.1,30,30,erdos renyi gilbert gnp,0.103448,16
0.1,31,30,erdos renyi gilbert gnp,0.103448,23
0.1,32,30,erdos renyi gilbert gnp,0.103448,21
0.1,33,30,erdos renyi gilbert gnp,0.103448,13
0.1,34,30,erdos renyi gilbert gnp,0.103448,17
0.1,35,30,erdos renyi gilbert gnp,0.103448,20
0.1,36,30,erdos renyi gilbert gnp,0.103448,21
0.1,37,30,erdos renyi gilbert gnp,0.103448,36
0.1,38,30,erdos renyi gilbert gnp,0.103448,29
0.1,39,30,erdos renyi gilbert gnp,0.103448,17
0.1,40,30,erdos renyi gilbert gnp,0.103448,19
0.1,41,30,erdos renyi gilbert gnp,0.103448,22
0.1,42,30,erdos renyi gilbert gnp,0.103448,37
0.1,43,30,erdos renyi gilbert gnp,0.103448,24
0.1,44,30,erdos renyi gilbert gnp,0.103448,20
0.1,45,30,erdos renyi gilbert gnp,0.103448,23
0.1,46,30,erdos renyi gilbert gnp,0.103448,27
0.1,47,30,erdos renyi gilbert gnp,0.103448,23
0.1,48,30,erdos renyi gilbert gnp,0.103448,28
0.1,49,30,erdos renyi gilbert gnp,0.103448,14
0.1,0,30,erdos renyi gilbert gnp,0.114943,22
0.1,1,30,erdos renyi gilbert gnp,0.114943,29
0.1,2,30,erdos renyi gilbert gnp,0.114943,21
0.1,3,30,erdos renyi gilbert gnp,0.114943,20
0.1,4,30,erdos renyi gilbert gnp,0.114943,21
0.1,5,30,erdos renyi gilbert gnp,0.114943,16
0.1,6,30,erdos renyi gilbert gnp,0.114943,16
0.1,7,30,erdos renyi gilbert gnp,0.114943,14
0.1,8,30,erdos renyi gilbert gnp,0.114943,14
0.1,9,30,erdos renyi gilbert gnp,0.114943,14
0.1,10,30,erdos renyi gilbert gnp,0.114943,20
0.1,11,30,erdos renyi gilbert gnp,0.114943,27
0.1,12,30,erdos renyi gilbert gnp,0.114943,24
0.1,13,30,erdos renyi gilbert gnp,0.114943,26
0.1,14,30,erdos renyi gilbert gnp,0.114943,12
0.1,15,30,erdos renyi gilbert gnp,0.114943,19
0.1,16,30,erdos renyi gilbert gnp,0.114943,17
0.1,17,30,erdos renyi gilbert gnp,0.114943,22
0.1,18,30,erdos renyi gilbert gnp,0.114943,15
0.1,19,30,erdos renyi gilbert gnp,0.114943,14
0.1,20,30,erdos renyi gilbert gnp,0.114943,16
0.1,21,30,erdos renyi gilbert gnp,0.114943,22
0.1,22,30,erdos renyi gilbert gnp,0.114943,18
0.1,23,30,erdos renyi gilbert gnp,0.114943,17
0.1,24,30,erdos renyi gilbert gnp,0.114943,22
0.1,25,30,erdos renyi gilbert gnp,0.114943,16
0.1,26,30,erdos renyi gilbert gnp,0.114943,17
0.1,27,30,erdos renyi gilbert gnp,0.114943,11
0.1,28,30,erdos renyi gilbert gnp,0.114943,16
0.1,29,30,erdos renyi gilbert gnp,0.114943,22
0.1,30,30,erdos renyi gilbert gnp,0.114943,17
0.1,31,30,erdos renyi gilbert gnp,0.114943,25
0.1,32,30,erdos renyi gilbert gnp,0.114943,19
0.1,33,30,erdos renyi gilbert gnp,0.114943,12
0.1,34,30,erdos renyi gilbert gnp,0.114943,18
0.1,35,30,erdos renyi gilbert gnp,0.114943,16
0.1,36,30,erdos renyi gilbert gnp,0.114943,12
0.1,37,30,erdos renyi gilbert gnp,0.114943,18
0.1,38,30,erdos renyi gilbert gnp,0.114943,20
0.1,39,30,erdos renyi gilbert gnp,0.114943,28
0.1,40,30,erdos renyi gilbert gnp,0.114943,10
0.1,41,30,erdos renyi gilbert gnp,0.114943,24
0.1,42,30,erdos renyi gilbert gnp,0.114943,23
0.1,43,30,erdos renyi gilbert gnp,0.114943,22
0.1,44,30,erdos renyi gilbert gnp,0.114943,14
0.1,45,30,erdos renyi gilbert gnp,0.114943,29
0.1,46,30,erdos renyi gilbert gnp,0.114943,27
0.1,47,30,erdos renyi gilbert gnp,0.114943,18
0.1,48,30,erdos renyi gilbert gnp,0.114943,18
0.1,49,30,erdos renyi gilbert gnp,0.114943,19
0.1,0,30,erdos renyi gilbert gnp,0.110345,12
0.1,1,30,erdos renyi gilbert gnp,0.110345,16
0.1,2,30,erdos renyi gilbert gnp,0.110345,13
0.1,3,30,erdos renyi gilbert gnp,0.110345,18
0.1,4,30,erdos renyi gilbert gnp,0.110345,28
0.1,5,30,erdos renyi gilbert gnp,0.110345,18
0.1,6,30,erdos renyi gilbert gnp,0.110345,13
0.1,7,30,erdos renyi gilbert gnp,0.110345,28
0.1,8,30,erdos renyi gilbert gnp,0.110345,19
0.1,9,30,erdos renyi gilbert gnp,0.110345,23
0.1,10,30,erdos renyi gilbert gnp,0.110345,15
0.1,11,30,erdos renyi gilbert gnp,0.110345,21
0.1,12,30,erdos renyi gilbert gnp,0.110345,19
0.1,13,30,erdos renyi gilbert gnp,0.110345,33
0.1,14,30,erdos renyi gilbert gnp,0.110345,30
0.1,15,30,erdos renyi gilbert gnp,0.110345,15
0.1,16,30,erdos renyi gilbert gnp,0.110345,20
0.1,17,30,erdos renyi gilbert gnp,0.110345,15
0.1,18,30,erdos renyi gilbert gnp,0.110345,11
0.1,19,30,erdos renyi gilbert gnp,0.110345,17
0.1,20,30,erdos renyi gilbert gnp,0.110345,18
0.1,21,30,erdos renyi gilbert gnp,0.110345,24
0.1,22,30,erdos renyi gilbert gnp,0.110345,14
0.1,23,30,erdos renyi gilbert gnp,0.110345,30
0.1,24,30,erdos renyi gilbert gnp,0.110345,10
0.1,25,30,erdos renyi gilbert gnp,0.110345,23
0.1,26,30,erdos renyi gilbert gnp,0.110345,18
0.1,27,30,erdos renyi gilbert gnp,0.110345,19
0.1,28,30,erdos renyi gilbert gnp,0.110345,10
0.1,29,30,erdos renyi gilbert gnp,0.110345,21
0.1,30,30,erdos renyi gilbert gnp,0.110345,24
0.1,31,30,erdos renyi gilbert gnp,0.110345,12
0.1,32,30,erdos renyi gilbert gnp,0.110345,17
0.1,33,30,erdos renyi gilbert gnp,0.110345,10
0.1,34,30,erdos renyi gilbert gnp,0.110345,26
0.1,35,30,erdos renyi gilbert gnp,0.110345,22
0.1,36,30,erdos renyi gilbert gnp,0.110345,9
0.1,37,30,erdos renyi gilbert gnp,0.110345,35
0.1,38,30,erdos renyi gilbert gnp,0.110345,19
0.1,39,30,erdos renyi gilbert gnp,0.110345,12
0.1,40,30,erdos renyi gilbert gnp,0.110345,18
0.1,41,30,erdos renyi gilbert gnp,0.110345,20
0.1,42,30,erdos renyi gilbert gnp,0.110345,17
0.1,43,30,erdos renyi gilbert gnp,0.110345,20
0.1,44,30,erdos renyi gilbert gnp,0.110345,18
0.1,45,30,erdos renyi gilbert gnp,0.110345,24
0.1,46,30,erdos renyi gilbert gnp,0.110345,18
0.1,47,30,erdos renyi gilbert gnp,0.110345,11
0.1,48,30,erdos renyi gilbert gnp,0.110345,22
0.1,49,30,erdos renyi gilbert gnp,0.110345,18
0.1,0,30,erdos renyi gilbert gnp,0.105747,16
0.1,1,30,erdos renyi gilbert gnp,0.105747,30
0.1,2,30,erdos renyi gilbert gnp,0.105747,25
0.1,3,30,erdos renyi gilbert gnp,0.105747,27
0.1,4,30,erdos renyi gilbert gnp,0.105747,21
0.1,5,30,erdos renyi gilbert gnp,0.105747,10
0.1,6,30,erdos renyi gilbert gnp,0.105747,30
0.1,7,30,erdos renyi gilbert gnp,0.105747,42
0.1,8,30,erdos renyi gilbert gnp,0.105747,22
0.1,9,30,erdos renyi gilbert gnp,0.105747,15
0.1,10,30,erdos renyi gilbert gnp,0.105747,35
0.1,11,30,erdos renyi gilbert gnp,0.105747,12
0.1,12,30,erdos renyi gilbert gnp,0.105747,27
0.1,13,30,erdos renyi gilbert gnp,0.105747,25
0.1,14,30,erdos renyi gilbert gnp,0.105747,24
0.1,15,30,erdos renyi gilbert gnp,0.105747,30
0.1,16,30,erdos renyi gilbert gnp,0.105747,21
0.1,17,30,erdos renyi gilbert gnp,0.105747,21
0.1,18,30,erdos renyi gilbert gnp,0.105747,16
0.1,19,30,erdos renyi gilbert gnp,0.105747,18
0.1,20,30,erdos renyi gilbert gnp,0.105747,29
0.1,21,30,erdos renyi gilbert gnp,0.105747,19
0.1,22,30,erdos renyi gilbert gnp,0.105747,19
0.1,23,30,erdos renyi gilbert gnp,0.105747,28
0.1,24,30,erdos renyi gilbert gnp,0.105747,18
0.1,25,30,erdos renyi gilbert gnp,0.105747,11
0.1,26,30,erdos renyi gilbert gnp,0.105747,20
0.1,27,30,erdos renyi gilbert gnp,0.105747,20
0.1,28,30,erdos renyi gilbert gnp,0.105747,13
0.1,29,30,erdos renyi gilbert gnp,0.105747,18
0.1,30,30,erdos renyi gilbert gnp,0.105747,29
0.1,31,30,erdos renyi gilbert gnp,0.105747,12
0.1,32,30,erdos renyi gilbert gnp,0.105747,13
0.1,33,30,erdos renyi gilbert gnp,0.105747,13
0.1,34,30,erdos renyi gilbert gnp,0.105747,27
0.1,35,30,erdos renyi gilbert gnp,0.105747,28
0.1,36,30,erdos renyi gilbert gnp,0.105747,16
0.1,37,30,erdos renyi gilbert gnp,0.105747,32
0.1,38,30,erdos renyi gilbert gnp,0.105747,22
0.1,39,30,erdos renyi gilbert gnp,0.105747,27
0.1,40,30,erdos renyi gilbert gnp,0.105747,17
0.1,41,30,erdos renyi gilbert gnp,0.105747,38
0.1,42,30,erdos renyi gilbert gnp,0.105747,18
0.1,43,30,erdos renyi gilbert gnp,0.105747,13
0.1,44,30,erdos renyi gilbert gnp,0.105747,18
0.1,45,30,erdos renyi gilbert gnp,0.105747,17
0.1,46,30,erdos renyi gilbert gnp,0.105747,30
0.1,47,30,erdos renyi gilbert gnp,0.105747,34
0.1,48,30,erdos renyi gilbert gnp,0.105747,20
0.1,49,30,erdos renyi gilbert gnp,0.105747,29
0.1,0,30,erdos renyi gilbert gnp,0.110345,20
0.1,1,30,erdos renyi gilbert gnp,0.110345,13
0.1,2,30,erdos renyi gilbert gnp,0.110345,19
0.1,3,30,erdos renyi gilbert gnp,0.110345,22
0.1,4,30,erdos renyi gilbert gnp,0.110345,11
0.1,5,30,erdos renyi gilbert gnp,0.110345,15
0.1,6,30,erdos renyi gilbert gnp,0.110345,14
0.1,7,30,erdos renyi gilbert gnp,0.110345,21
0.1,8,30,erdos renyi gilbert gnp,0.110345,13
0.1,9,30,erdos renyi gilbert gnp,0.110345,14
0.1,10,30,erdos renyi gilbert gnp,0.110345,35
0.1,11,30,erdos renyi gilbert gnp,0.110345,27
0.1,12,30,erdos renyi gilbert gnp,0.110345,21
0.1,13,30,erdos renyi gilbert gnp,0.110345,31
0.1,14,30,erdos renyi gilbert gnp,0.110345,12
0.1,15,30,erdos renyi gilbert gnp,0.110345,26
0.1,16,30,erdos renyi gilbert gnp,0.110345,23
0.1,17,30,erdos renyi gilbert gnp,0.110345,18
0.1,18,30,erdos renyi gilbert gnp,0.110345,25
0.1,19,30,erdos renyi gilbert gnp,0.110345,19
0.1,20,30,erdos renyi gilbert gnp,0.110345,15
0.1,21,30,erdos renyi gilbert gnp,0.110345,16
0.1,22,30,erdos renyi gilbert gnp,0.110345,21
0.1,23,30,erdos renyi gilbert gnp,0.110345,14
0.1,24,30,erdos renyi gilbert gnp,0.110345,15
0.1,25,30,erdos renyi gilbert gnp,0.110345,22
0.1,26,30,erdos renyi gilbert gnp,0.110345,24
0.1,27,30,erdos renyi gilbert gnp,0.110345,18
0.1,28,30,erdos renyi gilbert gnp,0.110345,22
0.1,29,30,erdos renyi gilbert gnp,0.110345,22
0.1,30,30,erdos renyi gilbert gnp,0.110345,20
0.1,31,30,erdos renyi gilbert gnp,0.110345,28
0.1,32,30,erdos renyi gilbert gnp,0.110345,33
0.1,33,30,erdos renyi gilbert gnp,0.110345,21
0.1,34,30,erdos renyi gilbert gnp,0.110345,15
0.1,35,30,erdos renyi gilbert gnp,0.110345,22
0.1,36,30,erdos renyi gilbert gnp,0.110345,22
0.1,37,30,erdos renyi gilbert gnp,0.110345,9
0.1,38,30,erdos renyi gilbert gnp,0.110345,13
0.1,39,30,erdos renyi gilbert gnp,0.110345,17
0.1,40,30,erdos renyi gilbert gnp,0.110345,11
0.1,41,30,erdos renyi gilbert gnp,0.110345,23
0.1,42,30,erdos renyi gilbert gnp,0.110345,24
0.1,43,30,erdos renyi gilbert gnp,0.110345,27
0.1,44,30,erdos renyi gilbert gnp,0.110345,19
0.1,45,30,erdos renyi gilbert gnp,0.110345,18
0.1,46,30,erdos renyi gilbert gnp,0.110345,18
0.1,47,30,erdos renyi gilbert gnp,0.110345,17
0.1,48,30,erdos renyi gilbert gnp,0.110345,21
0.1,49,30,erdos renyi gilbert gnp,0.110345,31
0.1,0,30,erdos renyi gilbert gnp,0.11954,14
0.1,1,30,erdos renyi gilbert gnp,0.11954,11
0.1,2,30,erdos renyi gilbert gnp,0.11954,9
0.1,3,30,erdos renyi gilbert gnp,0.11954,10
0.1,4,30,erdos renyi gilbert gnp,0.11954,26
0.1,5,30,erdos renyi gilbert gnp,0.11954,19
0.1,6,30,erdos renyi gilbert gnp,0.11954,29
0.1,7,30,erdos renyi gilbert gnp,0.11954,13
0.1,8,30,erdos renyi gilbert gnp,0.11954,12
0.1,9,30,erdos renyi gilbert gnp,0.11954,19
0.1,10,30,erdos renyi gilbert gnp,0.11954,28
0.1,11,30,erdos renyi gilbert gnp,0.11954,12
0.1,12,30,erdos renyi gilbert gnp,0.11954,16
0.1,13,30,erdos renyi gilbert gnp,0.11954,17
0.1,14,30,erdos renyi gilbert gnp,0.11954,18
0.1,15,30,erdos renyi gilbert gnp,0.11954,21
0.1,16,30,erdos renyi gilbert gnp,0.11954,11
0.1,17,30,erdos renyi gilbert gnp,0.11954,19
0.1,18,30,erdos renyi gilbert gnp,0.11954,19
0.1,19,30,erdos renyi gilbert gnp,0.11954,11
0.1,20,30,erdos renyi gilbert gnp,0.11954,19
0.1,21,30,erdos renyi gilbert gnp,0.11954,10
0.1,22,30,erdos renyi gilbert gnp,0.11954,10
0.1,23,30,erdos renyi gilbert gnp,0.11954,9
0.1,24,30,erdos renyi gilbert gnp,0.11954,19
0.1,25,30,erdos renyi gilbert gnp,0.11954,17
0.1,26,30,erdos renyi gilbert gnp,0.11954,14
0.1,27,30,erdos renyi gilbert gnp,0.11954,17
0.1,28,30,erdos renyi gilbert gnp,0.11954,11
0.1,29,30,erdos renyi gilbert gnp,0.11954,26
0.1,30,30,erdos renyi gilbert gnp,0.11954,15
0.1,31,30,erdos renyi gilbert gnp,0.11954,7
0.1,32,30,erdos renyi gilbert gnp,0.11954,15
0.1,33,30,erdos renyi gilbert gnp,0.11954,8
0.1,34,30,erdos renyi gilbert gnp,0.11954,28
0.1,35,30,erdos renyi gilbert gnp,0.11954,27
0.1,36,30,erdos renyi gilbert gnp,0.11954,20
0.1,37,30,erdos renyi gilbert gnp,0.11954,12
0.1,38,30,erdos renyi gilbert gnp,0.11954,19
0.1,39,30,erdos renyi gilbert gnp,0.11954,20
0.1,40,30,erdos renyi gilbert gnp,0.11954,11
0.1,41,30,erdos renyi gilbert gnp,0.11954,21
0.1,42,30,erdos renyi gilbert gnp,0.11954,18
0.1,43,30,erdos renyi gilbert gnp,0.11954,20
0.1,44,30,erdos renyi gilbert gnp,0.11954,17
0.1,45,30,erdos renyi gilbert gnp,0.11954,15
0.1,46,30,erdos renyi gilbert gnp,0.11954,15
0.1,47,30,erdos renyi gilbert gnp,0.11954,16
0.1,48,30,erdos renyi gilbert gnp,0.11954,15
0.1,49,30,erdos renyi gilbert gnp,0.11954,17
0.1,0,30,erdos renyi gilbert gnp,0.108046,15
0.1,1,30,erdos renyi gilbert gnp,0.108046,14
0.1,2,30,erdos renyi gilbert gnp,0.108046,13
0.1,3,30,erdos renyi gilbert gnp,0.108046,33
0.1,4,30,erdos renyi gilbert gnp,0.108046,13
0.1,5,30,erdos renyi gilbert gnp,0.108046,19
0.1,6,30,erdos renyi gilbert gnp,0.108046,16
0.1,7,30,erdos renyi gilbert gnp,0.108046,18
0.1,8,30,erdos renyi gilbert gnp,0.108046,22
0.1,9,30,erdos renyi gilbert gnp,0.108046,17
0.1,10,30,erdos renyi gilbert gnp,0.108046,30
0.1,11,30,erdos renyi gilbert gnp,0.108046,15
0.1,12,30,erdos renyi gilbert gnp,0.108046,18
0.1,13,30,erdos renyi gilbert gnp,0.108046,18
0.1,14,30,erdos renyi gilbert gnp,0.108046,18
0.1,15,30,erdos renyi gilbert gnp,0.108046,11
0.1,16,30,erdos renyi gilbert gnp,0.108046,14
0.1,17,30,erdos renyi gilbert gnp,0.108046,21
0.1,18,30,erdos renyi gilbert gnp,0.108046,21
0.1,19,30,erdos renyi gilbert gnp,0.108046,15
0.1,20,30,erdos renyi gilbert gnp,0.108046,23
0.1,21,30,erdos renyi gilbert gnp,0.108046,17
0.1,22,30,erdos renyi gilbert gnp,0.108046,24
0.1,23,30,erdos renyi gilbert gnp,0.108046,18
0.1,24,30,erdos renyi gilbert gnp,0.108046,14
0.1,25,30,erdos renyi gilbert gnp,0.108046,12
0.1,26,30,erdos renyi gilbert gnp,0.108046,21
0.1,27,30,erdos renyi gilbert gnp,0.108046,15
0.1,28,30,erdos renyi gilbert gnp,0.108046,22
0.1,29,30,erdos renyi gilbert gnp,0.108046,17
0.1,30,30,erdos renyi gilbert gnp,0.108046,17
0.1,31,30,erdos renyi gilbert gnp,0.108046,19
0.1,32,30,erdos renyi gilbert gnp,0.108046,9
0.1,33,30,erdos renyi gilbert gnp,0.108046,15
0.1,34,30,erdos renyi gilbert gnp,0.108046,14
0.1,35,30,erdos renyi gilbert gnp,0.108046,11
0.1,36,30,erdos renyi gilbert gnp,0.108046,18
0.1,37,30,erdos renyi gilbert gnp,0.108046,13
0.1,38,30,erdos renyi gilbert gnp,0.108046,12
0.1,39,30,erdos renyi gilbert gnp,0.108046,22
0.1,40,30,erdos renyi gilbert gnp,0.108046,18
0.1,41,30,erdos renyi gilbert gnp,0.108046,19
0.1,42,30,erdos renyi gilbert gnp,0.108046,13
0.1,43,30,erdos renyi gilbert gnp,0.108046,12
0.1,44,30,erdos renyi gilbert gnp,0.108046,16
0.1,45,30,erdos renyi gilbert gnp,0.108046,14
0.1,46,30,erdos renyi gilbert gnp,0.108046,13
0.1,47,30,erdos renyi gilbert gnp,0.108046,16
0.1,48,30,erdos renyi gilbert gnp,0.108046,18
0.1,49,30,erdos renyi gilbert gnp,0.108046,16